parent_object,acl_class,object_identity,id
,org.springframework.security.acl.basic.SimpleAclEntry,org.bkwsu.bkregistration.model.TbOrganisation:512,465
,org.springframework.security.acl.basic.SimpleAclEntry,org.bkwsu.bkregistration.model.TbOrganisation:527,480
,org.springframework.security.acl.basic.SimpleAclEntry,org.bkwsu.bkregistration.model.TbOrganisation:529,482
,org.springframework.security.acl.basic.SimpleAclEntry,org.bkwsu.bkregistration.model.TbOrganisation:530,483
,org.springframework.security.acl.basic.SimpleAclEntry,org.bkwsu.bkregistration.model.TbOrganisation:538,491
,org.springframework.security.acl.basic.SimpleAclEntry,org.bkwsu.bkregistration.model.TbOrganisation:562,515
,org.springframework.security.acl.basic.SimpleAclEntry,org.bkwsu.bkregistration.model.TbOrganisation:563,516
,org.springframework.security.acl.basic.SimpleAclEntry,org.bkwsu.bkregistration.model.TbOrganisation:570,523
,org.springframework.security.acl.basic.SimpleAclEntry,org.bkwsu.bkregistration.model.TbOrganisation:571,524
,org.springframework.security.acl.basic.SimpleAclEntry,org.bkwsu.bkregistration.model.TbOrganisation:572,525
,org.springframework.security.acl.basic.SimpleAclEntry,org.bkwsu.bkregistration.model.TbOrganisation:573,526
,org.springframework.security.acl.basic.SimpleAclEntry,org.bkwsu.bkregistration.model.TbOrganisation:574,527
,org.springframework.security.acl.basic.SimpleAclEntry,org.bkwsu.bkregistration.model.TbOrganisation:575,528
,org.springframework.security.acl.basic.SimpleAclEntry,org.bkwsu.bkregistration.model.TbOrganisation:586,539
,org.springframework.security.acl.basic.SimpleAclEntry,org.bkwsu.bkregistration.model.TbOrganisation:596,549
,org.springframework.security.acl.basic.SimpleAclEntry,org.bkwsu.bkregistration.model.TbOrganisation:489,442
,org.springframework.security.acl.basic.SimpleAclEntry,org.bkwsu.bkregistration.model.TbOrganisation:490,443
,org.springframework.security.acl.basic.SimpleAclEntry,org.bkwsu.bkregistration.model.TbOrganisation:491,444
,org.springframework.security.acl.basic.SimpleAclEntry,org.bkwsu.bkregistration.model.TbOrganisation:492,445
,org.springframework.security.acl.basic.SimpleAclEntry,org.bkwsu.bkregistration.model.TbOrganisation:493,446
,org.springframework.security.acl.basic.SimpleAclEntry,org.bkwsu.bkregistration.model.TbOrganisation:494,447
,org.springframework.security.acl.basic.SimpleAclEntry,org.bkwsu.bkregistration.model.TbOrganisation:495,448
,org.springframework.security.acl.basic.SimpleAclEntry,org.bkwsu.bkregistration.model.TbOrganisation:496,449
,org.springframework.security.acl.basic.SimpleAclEntry,org.bkwsu.bkregistration.model.TbOrganisation:497,450
,org.springframework.security.acl.basic.SimpleAclEntry,org.bkwsu.bkregistration.model.TbOrganisation:498,451
,org.springframework.security.acl.basic.SimpleAclEntry,org.bkwsu.bkregistration.model.TbOrganisation:499,452
,org.springframework.security.acl.basic.SimpleAclEntry,org.bkwsu.bkregistration.model.TbOrganisation:500,453
,org.springframework.security.acl.basic.SimpleAclEntry,org.bkwsu.bkregistration.model.TbOrganisation:501,454
,org.springframework.security.acl.basic.SimpleAclEntry,org.bkwsu.bkregistration.model.TbOrganisation:502,455
,org.springframework.security.acl.basic.SimpleAclEntry,org.bkwsu.bkregistration.model.TbOrganisation:503,456
,org.springframework.security.acl.basic.SimpleAclEntry,org.bkwsu.bkregistration.model.TbOrganisation:504,457
,org.springframework.security.acl.basic.SimpleAclEntry,org.bkwsu.bkregistration.model.TbOrganisation:505,458
,org.springframework.security.acl.basic.SimpleAclEntry,org.bkwsu.bkregistration.model.TbOrganisation:506,459
,org.springframework.security.acl.basic.SimpleAclEntry,org.bkwsu.bkregistration.model.TbOrganisation:507,460
,org.springframework.security.acl.basic.SimpleAclEntry,org.bkwsu.bkregistration.model.TbOrganisation:508,461
,org.springframework.security.acl.basic.SimpleAclEntry,org.bkwsu.bkregistration.model.TbOrganisation:509,462
,org.springframework.security.acl.basic.SimpleAclEntry,org.bkwsu.bkregistration.model.TbOrganisation:510,463
,org.springframework.security.acl.basic.SimpleAclEntry,org.bkwsu.bkregistration.model.TbOrganisation:511,464
,org.springframework.security.acl.basic.SimpleAclEntry,org.bkwsu.bkregistration.model.TbOrganisation:524,477
,org.springframework.security.acl.basic.SimpleAclEntry,org.bkwsu.bkregistration.model.TbOrganisation:558,511
,org.springframework.security.acl.basic.SimpleAclEntry,org.bkwsu.bkregistration.model.TbOrganisation:559,512
,org.springframework.security.acl.basic.SimpleAclEntry,org.bkwsu.bkregistration.model.TbOrganisation:560,513
,org.springframework.security.acl.basic.SimpleAclEntry,org.bkwsu.bkregistration.model.TbOrganisation:561,514
,org.springframework.security.acl.basic.SimpleAclEntry,org.bkwsu.bkregistration.model.TbOrganisation:585,538
,org.springframework.security.acl.basic.SimpleAclEntry,org.bkwsu.bkregistration.model.TbOrganisation:595,548
,org.springframework.security.acl.basic.SimpleAclEntry,org.bkwsu.bkregistration.model.TbOrganisation:437,390
,org.springframework.security.acl.basic.SimpleAclEntry,org.bkwsu.bkregistration.model.TbOrganisation:438,391
,org.springframework.security.acl.basic.SimpleAclEntry,org.bkwsu.bkregistration.model.TbOrganisation:439,392
,org.springframework.security.acl.basic.SimpleAclEntry,org.bkwsu.bkregistration.model.TbOrganisation:440,393
,org.springframework.security.acl.basic.SimpleAclEntry,org.bkwsu.bkregistration.model.TbOrganisation:441,394
,org.springframework.security.acl.basic.SimpleAclEntry,org.bkwsu.bkregistration.model.TbOrganisation:442,395
,org.springframework.security.acl.basic.SimpleAclEntry,org.bkwsu.bkregistration.model.TbOrganisation:443,396
,org.springframework.security.acl.basic.SimpleAclEntry,org.bkwsu.bkregistration.model.TbOrganisation:513,466
,org.springframework.security.acl.basic.SimpleAclEntry,org.bkwsu.bkregistration.model.TbOrganisation:528,481
,org.springframework.security.acl.basic.SimpleAclEntry,org.bkwsu.bkregistration.model.TbOrganisation:534,487
,org.springframework.security.acl.basic.SimpleAclEntry,org.bkwsu.bkregistration.model.TbOrganisation:550,503
,org.springframework.security.acl.basic.SimpleAclEntry,org.bkwsu.bkregistration.model.TbOrganisation:564,517
,org.springframework.security.acl.basic.SimpleAclEntry,org.bkwsu.bkregistration.model.TbOrganisation:567,520
,org.springframework.security.acl.basic.SimpleAclEntry,org.bkwsu.bkregistration.model.TbOrganisation:568,521
,org.springframework.security.acl.basic.SimpleAclEntry,org.bkwsu.bkregistration.model.TbOrganisation:576,529
,org.springframework.security.acl.basic.SimpleAclEntry,org.bkwsu.bkregistration.model.TbOrganisation:577,530
,org.springframework.security.acl.basic.SimpleAclEntry,org.bkwsu.bkregistration.model.TbOrganisation:587,540
,org.springframework.security.acl.basic.SimpleAclEntry,org.bkwsu.bkregistration.model.TbOrganisation:588,541
,org.springframework.security.acl.basic.SimpleAclEntry,org.bkwsu.bkregistration.model.TbOrganisation:591,544
,org.springframework.security.acl.basic.SimpleAclEntry,org.bkwsu.bkregistration.model.TbOrganisation:597,550
,org.springframework.security.acl.basic.SimpleAclEntry,org.bkwsu.bkregistration.model.TbOrganisation:444,397
,org.springframework.security.acl.basic.SimpleAclEntry,org.bkwsu.bkregistration.model.TbOrganisation:445,398
,org.springframework.security.acl.basic.SimpleAclEntry,org.bkwsu.bkregistration.model.TbOrganisation:446,399
,org.springframework.security.acl.basic.SimpleAclEntry,org.bkwsu.bkregistration.model.TbOrganisation:447,400
,org.springframework.security.acl.basic.SimpleAclEntry,org.bkwsu.bkregistration.model.TbOrganisation:448,401
,org.springframework.security.acl.basic.SimpleAclEntry,org.bkwsu.bkregistration.model.TbOrganisation:449,402
,org.springframework.security.acl.basic.SimpleAclEntry,org.bkwsu.bkregistration.model.TbOrganisation:450,403
,org.springframework.security.acl.basic.SimpleAclEntry,org.bkwsu.bkregistration.model.TbOrganisation:451,404
,org.springframework.security.acl.basic.SimpleAclEntry,org.bkwsu.bkregistration.model.TbOrganisation:452,405
,org.springframework.security.acl.basic.SimpleAclEntry,org.bkwsu.bkregistration.model.TbOrganisation:453,406
,org.springframework.security.acl.basic.SimpleAclEntry,org.bkwsu.bkregistration.model.TbOrganisation:454,407
,org.springframework.security.acl.basic.SimpleAclEntry,org.bkwsu.bkregistration.model.TbOrganisation:721,674
,org.springframework.security.acl.basic.SimpleAclEntry,org.bkwsu.bkregistration.model.TbOrganisation:725,678
,org.springframework.security.acl.basic.SimpleAclEntry,org.bkwsu.bkregistration.model.TbOrganisation:726,679
,org.springframework.security.acl.basic.SimpleAclEntry,org.bkwsu.bkregistration.model.TbOrganisation:728,681
,org.springframework.security.acl.basic.SimpleAclEntry,org.bkwsu.bkregistration.model.TbOrganisation:729,682
,org.springframework.security.acl.basic.SimpleAclEntry,org.bkwsu.bkregistration.model.TbOrganisation:460,413
,org.springframework.security.acl.basic.SimpleAclEntry,org.bkwsu.bkregistration.model.TbOrganisation:461,414
,org.springframework.security.acl.basic.SimpleAclEntry,org.bkwsu.bkregistration.model.TbOrganisation:730,683
,org.springframework.security.acl.basic.SimpleAclEntry,org.bkwsu.bkregistration.model.TbOrganisation:731,684
,org.springframework.security.acl.basic.SimpleAclEntry,org.bkwsu.bkregistration.model.TbOrganisation:464,417
,org.springframework.security.acl.basic.SimpleAclEntry,org.bkwsu.bkregistration.model.TbOrganisation:465,418
,org.springframework.security.acl.basic.SimpleAclEntry,org.bkwsu.bkregistration.model.TbOrganisation:466,419
,org.springframework.security.acl.basic.SimpleAclEntry,org.bkwsu.bkregistration.model.TbOrganisation:467,420
,org.springframework.security.acl.basic.SimpleAclEntry,org.bkwsu.bkregistration.model.TbOrganisation:468,421
,org.springframework.security.acl.basic.SimpleAclEntry,org.bkwsu.bkregistration.model.TbOrganisation:469,422
,org.springframework.security.acl.basic.SimpleAclEntry,org.bkwsu.bkregistration.model.TbOrganisation:470,423
,org.springframework.security.acl.basic.SimpleAclEntry,org.bkwsu.bkregistration.model.TbOrganisation:471,424
,org.springframework.security.acl.basic.SimpleAclEntry,org.bkwsu.bkregistration.model.TbOrganisation:472,425
,org.springframework.security.acl.basic.SimpleAclEntry,org.bkwsu.bkregistration.model.TbOrganisation:473,426
,org.springframework.security.acl.basic.SimpleAclEntry,org.bkwsu.bkregistration.model.TbOrganisation:474,427
,org.springframework.security.acl.basic.SimpleAclEntry,org.bkwsu.bkregistration.model.TbOrganisation:475,428
,org.springframework.security.acl.basic.SimpleAclEntry,org.bkwsu.bkregistration.model.TbOrganisation:476,429
,org.springframework.security.acl.basic.SimpleAclEntry,org.bkwsu.bkregistration.model.TbOrganisation:477,430
,org.springframework.security.acl.basic.SimpleAclEntry,org.bkwsu.bkregistration.model.TbOrganisation:478,431
,org.springframework.security.acl.basic.SimpleAclEntry,org.bkwsu.bkregistration.model.TbOrganisation:479,432
,org.springframework.security.acl.basic.SimpleAclEntry,org.bkwsu.bkregistration.model.TbOrganisation:480,433
,org.springframework.security.acl.basic.SimpleAclEntry,org.bkwsu.bkregistration.model.TbOrganisation:481,434
,org.springframework.security.acl.basic.SimpleAclEntry,org.bkwsu.bkregistration.model.TbOrganisation:482,435
,org.springframework.security.acl.basic.SimpleAclEntry,org.bkwsu.bkregistration.model.TbOrganisation:514,467
,org.springframework.security.acl.basic.SimpleAclEntry,org.bkwsu.bkregistration.model.TbOrganisation:515,468
,org.springframework.security.acl.basic.SimpleAclEntry,org.bkwsu.bkregistration.model.TbOrganisation:516,469
,org.springframework.security.acl.basic.SimpleAclEntry,org.bkwsu.bkregistration.model.TbOrganisation:525,478
,org.springframework.security.acl.basic.SimpleAclEntry,org.bkwsu.bkregistration.model.TbOrganisation:537,490
,org.springframework.security.acl.basic.SimpleAclEntry,org.bkwsu.bkregistration.model.TbOrganisation:549,502
,org.springframework.security.acl.basic.SimpleAclEntry,org.bkwsu.bkregistration.model.TbOrganisation:551,504
,org.springframework.security.acl.basic.SimpleAclEntry,org.bkwsu.bkregistration.model.TbOrganisation:565,518
,org.springframework.security.acl.basic.SimpleAclEntry,org.bkwsu.bkregistration.model.TbOrganisation:566,519
,org.springframework.security.acl.basic.SimpleAclEntry,org.bkwsu.bkregistration.model.TbOrganisation:578,531
,org.springframework.security.acl.basic.SimpleAclEntry,org.bkwsu.bkregistration.model.TbOrganisation:589,542
,org.springframework.security.acl.basic.SimpleAclEntry,org.bkwsu.bkregistration.model.TbOrganisation:590,543
,org.springframework.security.acl.basic.SimpleAclEntry,org.bkwsu.bkregistration.model.TbOrganisation:483,436
,org.springframework.security.acl.basic.SimpleAclEntry,org.bkwsu.bkregistration.model.TbOrganisation:484,437
,org.springframework.security.acl.basic.SimpleAclEntry,org.bkwsu.bkregistration.model.TbOrganisation:485,438
,org.springframework.security.acl.basic.SimpleAclEntry,org.bkwsu.bkregistration.model.TbOrganisation:486,439
,org.springframework.security.acl.basic.SimpleAclEntry,org.bkwsu.bkregistration.model.TbOrganisation:487,440
,org.springframework.security.acl.basic.SimpleAclEntry,org.bkwsu.bkregistration.model.TbOrganisation:488,441
,org.springframework.security.acl.basic.SimpleAclEntry,org.bkwsu.bkregistration.model.TbOrganisation:385,338
,org.springframework.security.acl.basic.SimpleAclEntry,org.bkwsu.bkregistration.model.TbOrganisation:386,339
,org.springframework.security.acl.basic.SimpleAclEntry,org.bkwsu.bkregistration.model.TbOrganisation:387,340
,org.springframework.security.acl.basic.SimpleAclEntry,org.bkwsu.bkregistration.model.TbOrganisation:388,341
,org.springframework.security.acl.basic.SimpleAclEntry,org.bkwsu.bkregistration.model.TbOrganisation:389,342
,org.springframework.security.acl.basic.SimpleAclEntry,org.bkwsu.bkregistration.model.TbOrganisation:390,343
,org.springframework.security.acl.basic.SimpleAclEntry,org.bkwsu.bkregistration.model.TbOrganisation:391,344
,org.springframework.security.acl.basic.SimpleAclEntry,org.bkwsu.bkregistration.model.TbOrganisation:392,345
,org.springframework.security.acl.basic.SimpleAclEntry,org.bkwsu.bkregistration.model.TbOrganisation:393,346
,org.springframework.security.acl.basic.SimpleAclEntry,org.bkwsu.bkregistration.model.TbOrganisation:394,347
,org.springframework.security.acl.basic.SimpleAclEntry,org.bkwsu.bkregistration.model.TbOrganisation:395,348
,org.springframework.security.acl.basic.SimpleAclEntry,org.bkwsu.bkregistration.model.TbOrganisation:396,349
,org.springframework.security.acl.basic.SimpleAclEntry,org.bkwsu.bkregistration.model.TbOrganisation:397,350
,org.springframework.security.acl.basic.SimpleAclEntry,org.bkwsu.bkregistration.model.TbOrganisation:398,351
,org.springframework.security.acl.basic.SimpleAclEntry,org.bkwsu.bkregistration.model.TbOrganisation:399,352
,org.springframework.security.acl.basic.SimpleAclEntry,org.bkwsu.bkregistration.model.TbOrganisation:400,353
,org.springframework.security.acl.basic.SimpleAclEntry,org.bkwsu.bkregistration.model.TbOrganisation:401,354
,org.springframework.security.acl.basic.SimpleAclEntry,org.bkwsu.bkregistration.model.TbOrganisation:402,355
,org.springframework.security.acl.basic.SimpleAclEntry,org.bkwsu.bkregistration.model.TbOrganisation:403,356
,org.springframework.security.acl.basic.SimpleAclEntry,org.bkwsu.bkregistration.model.TbOrganisation:404,357
,org.springframework.security.acl.basic.SimpleAclEntry,org.bkwsu.bkregistration.model.TbOrganisation:405,358
,org.springframework.security.acl.basic.SimpleAclEntry,org.bkwsu.bkregistration.model.TbOrganisation:406,359
,org.springframework.security.acl.basic.SimpleAclEntry,org.bkwsu.bkregistration.model.TbOrganisation:407,360
,org.springframework.security.acl.basic.SimpleAclEntry,org.bkwsu.bkregistration.model.TbOrganisation:408,361
,org.springframework.security.acl.basic.SimpleAclEntry,org.bkwsu.bkregistration.model.TbOrganisation:409,362
,org.springframework.security.acl.basic.SimpleAclEntry,org.bkwsu.bkregistration.model.TbOrganisation:410,363
,org.springframework.security.acl.basic.SimpleAclEntry,org.bkwsu.bkregistration.model.TbOrganisation:411,364
,org.springframework.security.acl.basic.SimpleAclEntry,org.bkwsu.bkregistration.model.TbOrganisation:412,365
,org.springframework.security.acl.basic.SimpleAclEntry,org.bkwsu.bkregistration.model.TbOrganisation:413,366
,org.springframework.security.acl.basic.SimpleAclEntry,org.bkwsu.bkregistration.model.TbOrganisation:414,367
,org.springframework.security.acl.basic.SimpleAclEntry,org.bkwsu.bkregistration.model.TbOrganisation:415,368
,org.springframework.security.acl.basic.SimpleAclEntry,org.bkwsu.bkregistration.model.TbOrganisation:416,369
,org.springframework.security.acl.basic.SimpleAclEntry,org.bkwsu.bkregistration.model.TbOrganisation:417,370
,org.springframework.security.acl.basic.SimpleAclEntry,org.bkwsu.bkregistration.model.TbOrganisation:418,371
,org.springframework.security.acl.basic.SimpleAclEntry,org.bkwsu.bkregistration.model.TbOrganisation:517,470
,org.springframework.security.acl.basic.SimpleAclEntry,org.bkwsu.bkregistration.model.TbOrganisation:518,471
,org.springframework.security.acl.basic.SimpleAclEntry,org.bkwsu.bkregistration.model.TbOrganisation:520,473
,org.springframework.security.acl.basic.SimpleAclEntry,org.bkwsu.bkregistration.model.TbOrganisation:521,474
,org.springframework.security.acl.basic.SimpleAclEntry,org.bkwsu.bkregistration.model.TbOrganisation:522,475
,org.springframework.security.acl.basic.SimpleAclEntry,org.bkwsu.bkregistration.model.TbOrganisation:526,479
,org.springframework.security.acl.basic.SimpleAclEntry,org.bkwsu.bkregistration.model.TbOrganisation:533,486
,org.springframework.security.acl.basic.SimpleAclEntry,org.bkwsu.bkregistration.model.TbOrganisation:535,488
,org.springframework.security.acl.basic.SimpleAclEntry,org.bkwsu.bkregistration.model.TbOrganisation:536,489
,org.springframework.security.acl.basic.SimpleAclEntry,org.bkwsu.bkregistration.model.TbOrganisation:539,492
,org.springframework.security.acl.basic.SimpleAclEntry,org.bkwsu.bkregistration.model.TbOrganisation:541,494
,org.springframework.security.acl.basic.SimpleAclEntry,org.bkwsu.bkregistration.model.TbOrganisation:542,495
,org.springframework.security.acl.basic.SimpleAclEntry,org.bkwsu.bkregistration.model.TbOrganisation:544,497
,org.springframework.security.acl.basic.SimpleAclEntry,org.bkwsu.bkregistration.model.TbOrganisation:545,498
,org.springframework.security.acl.basic.SimpleAclEntry,org.bkwsu.bkregistration.model.TbOrganisation:547,500
,org.springframework.security.acl.basic.SimpleAclEntry,org.bkwsu.bkregistration.model.TbOrganisation:548,501
,org.springframework.security.acl.basic.SimpleAclEntry,org.bkwsu.bkregistration.model.TbOrganisation:552,505
,org.springframework.security.acl.basic.SimpleAclEntry,org.bkwsu.bkregistration.model.TbOrganisation:569,522
,org.springframework.security.acl.basic.SimpleAclEntry,org.bkwsu.bkregistration.model.TbOrganisation:579,532
,org.springframework.security.acl.basic.SimpleAclEntry,org.bkwsu.bkregistration.model.TbOrganisation:592,545
,org.springframework.security.acl.basic.SimpleAclEntry,org.bkwsu.bkregistration.model.TbOrganisation:419,372
,org.springframework.security.acl.basic.SimpleAclEntry,org.bkwsu.bkregistration.model.TbOrganisation:420,373
,org.springframework.security.acl.basic.SimpleAclEntry,org.bkwsu.bkregistration.model.TbOrganisation:421,374
,org.springframework.security.acl.basic.SimpleAclEntry,org.bkwsu.bkregistration.model.TbOrganisation:422,375
,org.springframework.security.acl.basic.SimpleAclEntry,org.bkwsu.bkregistration.model.TbOrganisation:423,376
,org.springframework.security.acl.basic.SimpleAclEntry,org.bkwsu.bkregistration.model.TbOrganisation:424,377
,org.springframework.security.acl.basic.SimpleAclEntry,org.bkwsu.bkregistration.model.TbOrganisation:425,378
,org.springframework.security.acl.basic.SimpleAclEntry,org.bkwsu.bkregistration.model.TbOrganisation:426,379
,org.springframework.security.acl.basic.SimpleAclEntry,org.bkwsu.bkregistration.model.TbOrganisation:427,380
,org.springframework.security.acl.basic.SimpleAclEntry,org.bkwsu.bkregistration.model.TbOrganisation:428,381
,org.springframework.security.acl.basic.SimpleAclEntry,org.bkwsu.bkregistration.model.TbOrganisation:429,382
,org.springframework.security.acl.basic.SimpleAclEntry,org.bkwsu.bkregistration.model.TbOrganisation:430,383
,org.springframework.security.acl.basic.SimpleAclEntry,org.bkwsu.bkregistration.model.TbOrganisation:431,384
,org.springframework.security.acl.basic.SimpleAclEntry,org.bkwsu.bkregistration.model.TbOrganisation:432,385
,org.springframework.security.acl.basic.SimpleAclEntry,org.bkwsu.bkregistration.model.TbOrganisation:433,386
,org.springframework.security.acl.basic.SimpleAclEntry,org.bkwsu.bkregistration.model.TbOrganisation:434,387
,org.springframework.security.acl.basic.SimpleAclEntry,org.bkwsu.bkregistration.model.TbOrganisation:435,388
,org.springframework.security.acl.basic.SimpleAclEntry,org.bkwsu.bkregistration.model.TbOrganisation:436,389
,org.springframework.security.acl.basic.SimpleAclEntry,org.bkwsu.bkregistration.model.TbOrganisation:329,284
,org.springframework.security.acl.basic.SimpleAclEntry,org.bkwsu.bkregistration.model.TbOrganisation:330,285
,org.springframework.security.acl.basic.SimpleAclEntry,org.bkwsu.bkregistration.model.TbOrganisation:331,286
,org.springframework.security.acl.basic.SimpleAclEntry,org.bkwsu.bkregistration.model.TbOrganisation:332,287
,org.springframework.security.acl.basic.SimpleAclEntry,org.bkwsu.bkregistration.model.TbOrganisation:333,288
,org.springframework.security.acl.basic.SimpleAclEntry,org.bkwsu.bkregistration.model.TbOrganisation:334,289
,org.springframework.security.acl.basic.SimpleAclEntry,org.bkwsu.bkregistration.model.TbOrganisation:335,290
,org.springframework.security.acl.basic.SimpleAclEntry,org.bkwsu.bkregistration.model.TbOrganisation:336,291
,org.springframework.security.acl.basic.SimpleAclEntry,org.bkwsu.bkregistration.model.TbOrganisation:337,292
,org.springframework.security.acl.basic.SimpleAclEntry,org.bkwsu.bkregistration.model.TbOrganisation:338,293
,org.springframework.security.acl.basic.SimpleAclEntry,org.bkwsu.bkregistration.model.TbOrganisation:339,294
,org.springframework.security.acl.basic.SimpleAclEntry,org.bkwsu.bkregistration.model.TbOrganisation:340,295
,org.springframework.security.acl.basic.SimpleAclEntry,org.bkwsu.bkregistration.model.TbOrganisation:342,297
,org.springframework.security.acl.basic.SimpleAclEntry,org.bkwsu.bkregistration.model.TbOrganisation:343,298
,org.springframework.security.acl.basic.SimpleAclEntry,org.bkwsu.bkregistration.model.TbOrganisation:519,472
,org.springframework.security.acl.basic.SimpleAclEntry,org.bkwsu.bkregistration.model.TbOrganisation:531,484
,org.springframework.security.acl.basic.SimpleAclEntry,org.bkwsu.bkregistration.model.TbOrganisation:532,485
,org.springframework.security.acl.basic.SimpleAclEntry,org.bkwsu.bkregistration.model.TbOrganisation:553,506
,org.springframework.security.acl.basic.SimpleAclEntry,org.bkwsu.bkregistration.model.TbOrganisation:554,507
,org.springframework.security.acl.basic.SimpleAclEntry,org.bkwsu.bkregistration.model.TbOrganisation:555,508
,org.springframework.security.acl.basic.SimpleAclEntry,org.bkwsu.bkregistration.model.TbOrganisation:557,510
,org.springframework.security.acl.basic.SimpleAclEntry,org.bkwsu.bkregistration.model.TbOrganisation:580,533
,org.springframework.security.acl.basic.SimpleAclEntry,org.bkwsu.bkregistration.model.TbOrganisation:581,534
,org.springframework.security.acl.basic.SimpleAclEntry,org.bkwsu.bkregistration.model.TbOrganisation:593,546
,org.springframework.security.acl.basic.SimpleAclEntry,org.bkwsu.bkregistration.model.TbOrganisation:344,299
,org.springframework.security.acl.basic.SimpleAclEntry,org.bkwsu.bkregistration.model.TbOrganisation:345,300
,org.springframework.security.acl.basic.SimpleAclEntry,org.bkwsu.bkregistration.model.TbOrganisation:346,301
,org.springframework.security.acl.basic.SimpleAclEntry,org.bkwsu.bkregistration.model.TbOrganisation:347,302
,org.springframework.security.acl.basic.SimpleAclEntry,org.bkwsu.bkregistration.model.TbOrganisation:348,303
,org.springframework.security.acl.basic.SimpleAclEntry,org.bkwsu.bkregistration.model.TbOrganisation:349,304
,org.springframework.security.acl.basic.SimpleAclEntry,org.bkwsu.bkregistration.model.TbOrganisation:350,305
,org.springframework.security.acl.basic.SimpleAclEntry,org.bkwsu.bkregistration.model.TbOrganisation:351,306
,org.springframework.security.acl.basic.SimpleAclEntry,org.bkwsu.bkregistration.model.TbOrganisation:352,307
,org.springframework.security.acl.basic.SimpleAclEntry,org.bkwsu.bkregistration.model.TbOrganisation:353,308
,org.springframework.security.acl.basic.SimpleAclEntry,org.bkwsu.bkregistration.model.TbOrganisation:354,309
,org.springframework.security.acl.basic.SimpleAclEntry,org.bkwsu.bkregistration.model.TbOrganisation:355,310
,org.springframework.security.acl.basic.SimpleAclEntry,org.bkwsu.bkregistration.model.TbOrganisation:356,311
,org.springframework.security.acl.basic.SimpleAclEntry,org.bkwsu.bkregistration.model.TbOrganisation:357,312
,org.springframework.security.acl.basic.SimpleAclEntry,org.bkwsu.bkregistration.model.TbOrganisation:358,313
,org.springframework.security.acl.basic.SimpleAclEntry,org.bkwsu.bkregistration.model.TbOrganisation:359,314
,org.springframework.security.acl.basic.SimpleAclEntry,org.bkwsu.bkregistration.model.TbOrganisation:363,316
,org.springframework.security.acl.basic.SimpleAclEntry,org.bkwsu.bkregistration.model.TbOrganisation:364,317
,org.springframework.security.acl.basic.SimpleAclEntry,org.bkwsu.bkregistration.model.TbOrganisation:365,318
,org.springframework.security.acl.basic.SimpleAclEntry,org.bkwsu.bkregistration.model.TbOrganisation:366,319
,org.springframework.security.acl.basic.SimpleAclEntry,org.bkwsu.bkregistration.model.TbOrganisation:367,320
,org.springframework.security.acl.basic.SimpleAclEntry,org.bkwsu.bkregistration.model.TbOrganisation:368,321
,org.springframework.security.acl.basic.SimpleAclEntry,org.bkwsu.bkregistration.model.TbOrganisation:369,322
,org.springframework.security.acl.basic.SimpleAclEntry,org.bkwsu.bkregistration.model.TbOrganisation:370,323
,org.springframework.security.acl.basic.SimpleAclEntry,org.bkwsu.bkregistration.model.TbOrganisation:371,324
,org.springframework.security.acl.basic.SimpleAclEntry,org.bkwsu.bkregistration.model.TbOrganisation:372,325
,org.springframework.security.acl.basic.SimpleAclEntry,org.bkwsu.bkregistration.model.TbOrganisation:373,326
,org.springframework.security.acl.basic.SimpleAclEntry,org.bkwsu.bkregistration.model.TbOrganisation:374,327
,org.springframework.security.acl.basic.SimpleAclEntry,org.bkwsu.bkregistration.model.TbOrganisation:375,328
,org.springframework.security.acl.basic.SimpleAclEntry,org.bkwsu.bkregistration.model.TbOrganisation:376,329
,org.springframework.security.acl.basic.SimpleAclEntry,org.bkwsu.bkregistration.model.TbOrganisation:377,330
,org.springframework.security.acl.basic.SimpleAclEntry,org.bkwsu.bkregistration.model.TbOrganisation:378,331
,org.springframework.security.acl.basic.SimpleAclEntry,org.bkwsu.bkregistration.model.TbOrganisation:379,332
,org.springframework.security.acl.basic.SimpleAclEntry,org.bkwsu.bkregistration.model.TbOrganisation:380,333
,org.springframework.security.acl.basic.SimpleAclEntry,org.bkwsu.bkregistration.model.TbOrganisation:381,334
,org.springframework.security.acl.basic.SimpleAclEntry,org.bkwsu.bkregistration.model.TbOrganisation:382,335
,org.springframework.security.acl.basic.SimpleAclEntry,org.bkwsu.bkregistration.model.TbOrganisation:383,336
,org.springframework.security.acl.basic.SimpleAclEntry,org.bkwsu.bkregistration.model.TbOrganisation:384,337
,org.springframework.security.acl.basic.SimpleAclEntry,org.bkwsu.bkregistration.model.TbOrganisation:277,232
,org.springframework.security.acl.basic.SimpleAclEntry,org.bkwsu.bkregistration.model.TbOrganisation:278,233
,org.springframework.security.acl.basic.SimpleAclEntry,org.bkwsu.bkregistration.model.TbOrganisation:279,234
,org.springframework.security.acl.basic.SimpleAclEntry,org.bkwsu.bkregistration.model.TbOrganisation:280,235
,org.springframework.security.acl.basic.SimpleAclEntry,org.bkwsu.bkregistration.model.TbOrganisation:523,476
,org.springframework.security.acl.basic.SimpleAclEntry,org.bkwsu.bkregistration.model.TbOrganisation:540,493
,org.springframework.security.acl.basic.SimpleAclEntry,org.bkwsu.bkregistration.model.TbOrganisation:543,496
,org.springframework.security.acl.basic.SimpleAclEntry,org.bkwsu.bkregistration.model.TbOrganisation:546,499
,org.springframework.security.acl.basic.SimpleAclEntry,org.bkwsu.bkregistration.model.TbOrganisation:556,509
,org.springframework.security.acl.basic.SimpleAclEntry,org.bkwsu.bkregistration.model.TbOrganisation:582,535
,org.springframework.security.acl.basic.SimpleAclEntry,org.bkwsu.bkregistration.model.TbOrganisation:583,536
,org.springframework.security.acl.basic.SimpleAclEntry,org.bkwsu.bkregistration.model.TbOrganisation:584,537
,org.springframework.security.acl.basic.SimpleAclEntry,org.bkwsu.bkregistration.model.TbOrganisation:594,547
,org.springframework.security.acl.basic.SimpleAclEntry,org.bkwsu.bkregistration.model.TbOrganisation:281,236
,org.springframework.security.acl.basic.SimpleAclEntry,org.bkwsu.bkregistration.model.TbOrganisation:282,237
,org.springframework.security.acl.basic.SimpleAclEntry,org.bkwsu.bkregistration.model.TbOrganisation:283,238
,org.springframework.security.acl.basic.SimpleAclEntry,org.bkwsu.bkregistration.model.TbOrganisation:284,239
,org.springframework.security.acl.basic.SimpleAclEntry,org.bkwsu.bkregistration.model.TbOrganisation:285,240
,org.springframework.security.acl.basic.SimpleAclEntry,org.bkwsu.bkregistration.model.TbOrganisation:286,241
,org.springframework.security.acl.basic.SimpleAclEntry,org.bkwsu.bkregistration.model.TbOrganisation:287,242
,org.springframework.security.acl.basic.SimpleAclEntry,org.bkwsu.bkregistration.model.TbOrganisation:288,243
,org.springframework.security.acl.basic.SimpleAclEntry,org.bkwsu.bkregistration.model.TbOrganisation:289,244
,org.springframework.security.acl.basic.SimpleAclEntry,org.bkwsu.bkregistration.model.TbOrganisation:290,245
,org.springframework.security.acl.basic.SimpleAclEntry,org.bkwsu.bkregistration.model.TbOrganisation:291,246
,org.springframework.security.acl.basic.SimpleAclEntry,org.bkwsu.bkregistration.model.TbOrganisation:292,247
,org.springframework.security.acl.basic.SimpleAclEntry,org.bkwsu.bkregistration.model.TbOrganisation:293,248
,org.springframework.security.acl.basic.SimpleAclEntry,org.bkwsu.bkregistration.model.TbOrganisation:294,249
,org.springframework.security.acl.basic.SimpleAclEntry,org.bkwsu.bkregistration.model.TbOrganisation:295,250
,org.springframework.security.acl.basic.SimpleAclEntry,org.bkwsu.bkregistration.model.TbOrganisation:296,251
,org.springframework.security.acl.basic.SimpleAclEntry,org.bkwsu.bkregistration.model.TbOrganisation:297,252
,org.springframework.security.acl.basic.SimpleAclEntry,org.bkwsu.bkregistration.model.TbOrganisation:2,2
,org.springframework.security.acl.basic.SimpleAclEntry,org.bkwsu.bkregistration.model.TbOrganisation:5,3
,org.springframework.security.acl.basic.SimpleAclEntry,org.bkwsu.bkregistration.model.TbOrganisation:63,13
,org.springframework.security.acl.basic.SimpleAclEntry,org.bkwsu.bkregistration.model.TbOrganisation:64,14
,org.springframework.security.acl.basic.SimpleAclEntry,org.bkwsu.bkregistration.model.TbOrganisation:68,16
,org.springframework.security.acl.basic.SimpleAclEntry,org.bkwsu.bkregistration.model.TbOrganisation:82,26
,org.springframework.security.acl.basic.SimpleAclEntry,org.bkwsu.bkregistration.model.TbOrganisation:86,30
,org.springframework.security.acl.basic.SimpleAclEntry,org.bkwsu.bkregistration.model.TbOrganisation:87,31
,org.springframework.security.acl.basic.SimpleAclEntry,org.bkwsu.bkregistration.model.TbOrganisation:88,32
,org.springframework.security.acl.basic.SimpleAclEntry,org.bkwsu.bkregistration.model.TbOrganisation:89,33
,org.springframework.security.acl.basic.SimpleAclEntry,org.bkwsu.bkregistration.model.TbOrganisation:90,34
,org.springframework.security.acl.basic.SimpleAclEntry,org.bkwsu.bkregistration.model.TbOrganisation:91,35
,org.springframework.security.acl.basic.SimpleAclEntry,org.bkwsu.bkregistration.model.TbOrganisation:93,37
,org.springframework.security.acl.basic.SimpleAclEntry,org.bkwsu.bkregistration.model.TbOrganisation:94,38
,org.springframework.security.acl.basic.SimpleAclEntry,org.bkwsu.bkregistration.model.TbOrganisation:95,39
,org.springframework.security.acl.basic.SimpleAclEntry,org.bkwsu.bkregistration.model.TbOrganisation:96,40
,org.springframework.security.acl.basic.SimpleAclEntry,org.bkwsu.bkregistration.model.TbOrganisation:97,41
,org.springframework.security.acl.basic.SimpleAclEntry,org.bkwsu.bkregistration.model.TbOrganisation:98,42
,org.springframework.security.acl.basic.SimpleAclEntry,org.bkwsu.bkregistration.model.TbOrganisation:99,43
,org.springframework.security.acl.basic.SimpleAclEntry,org.bkwsu.bkregistration.model.TbOrganisation:100,44
,org.springframework.security.acl.basic.SimpleAclEntry,org.bkwsu.bkregistration.model.TbOrganisation:101,45
,org.springframework.security.acl.basic.SimpleAclEntry,org.bkwsu.bkregistration.model.TbOrganisation:102,46
,org.springframework.security.acl.basic.SimpleAclEntry,org.bkwsu.bkregistration.model.TbOrganisation:103,47
,org.springframework.security.acl.basic.SimpleAclEntry,org.bkwsu.bkregistration.model.TbOrganisation:104,48
,org.springframework.security.acl.basic.SimpleAclEntry,org.bkwsu.bkregistration.model.TbOrganisation:105,49
,org.springframework.security.acl.basic.SimpleAclEntry,org.bkwsu.bkregistration.model.TbOrganisation:106,50
,org.springframework.security.acl.basic.SimpleAclEntry,org.bkwsu.bkregistration.model.TbOrganisation:107,51
,org.springframework.security.acl.basic.SimpleAclEntry,org.bkwsu.bkregistration.model.TbOrganisation:108,52
,org.springframework.security.acl.basic.SimpleAclEntry,org.bkwsu.bkregistration.model.TbOrganisation:109,53
,org.springframework.security.acl.basic.SimpleAclEntry,org.bkwsu.bkregistration.model.TbOrganisation:110,54
,org.springframework.security.acl.basic.SimpleAclEntry,org.bkwsu.bkregistration.model.TbOrganisation:111,55
,org.springframework.security.acl.basic.SimpleAclEntry,org.bkwsu.bkregistration.model.TbOrganisation:112,56
,org.springframework.security.acl.basic.SimpleAclEntry,org.bkwsu.bkregistration.model.TbOrganisation:114,58
,org.springframework.security.acl.basic.SimpleAclEntry,org.bkwsu.bkregistration.model.TbOrganisation:115,59
,org.springframework.security.acl.basic.SimpleAclEntry,org.bkwsu.bkregistration.model.TbOrganisation:118,62
,org.springframework.security.acl.basic.SimpleAclEntry,org.bkwsu.bkregistration.model.TbOrganisation:119,63
,org.springframework.security.acl.basic.SimpleAclEntry,org.bkwsu.bkregistration.model.TbOrganisation:120,64
,org.springframework.security.acl.basic.SimpleAclEntry,org.bkwsu.bkregistration.model.TbOrganisation:126,70
,org.springframework.security.acl.basic.SimpleAclEntry,org.bkwsu.bkregistration.model.TbOrganisation:127,71
,org.springframework.security.acl.basic.SimpleAclEntry,org.bkwsu.bkregistration.model.TbOrganisation:133,77
,org.springframework.security.acl.basic.SimpleAclEntry,org.bkwsu.bkregistration.model.TbOrganisation:139,83
,org.springframework.security.acl.basic.SimpleAclEntry,org.bkwsu.bkregistration.model.TbOrganisation:140,84
,org.springframework.security.acl.basic.SimpleAclEntry,org.bkwsu.bkregistration.model.TbOrganisation:141,85
,org.springframework.security.acl.basic.SimpleAclEntry,org.bkwsu.bkregistration.model.TbOrganisation:142,86
,org.springframework.security.acl.basic.SimpleAclEntry,org.bkwsu.bkregistration.model.TbOrganisation:143,87
,org.springframework.security.acl.basic.SimpleAclEntry,org.bkwsu.bkregistration.model.TbOrganisation:144,88
,org.springframework.security.acl.basic.SimpleAclEntry,org.bkwsu.bkregistration.model.TbOrganisation:145,89
,org.springframework.security.acl.basic.SimpleAclEntry,org.bkwsu.bkregistration.model.TbOrganisation:146,90
,org.springframework.security.acl.basic.SimpleAclEntry,org.bkwsu.bkregistration.model.TbOrganisation:147,91
,org.springframework.security.acl.basic.SimpleAclEntry,org.bkwsu.bkregistration.model.TbOrganisation:148,92
,org.springframework.security.acl.basic.SimpleAclEntry,org.bkwsu.bkregistration.model.TbOrganisation:149,93
,org.springframework.security.acl.basic.SimpleAclEntry,org.bkwsu.bkregistration.model.TbOrganisation:150,94
,org.springframework.security.acl.basic.SimpleAclEntry,org.bkwsu.bkregistration.model.TbOrganisation:151,95
,org.springframework.security.acl.basic.SimpleAclEntry,org.bkwsu.bkregistration.model.TbOrganisation:152,96
,org.springframework.security.acl.basic.SimpleAclEntry,org.bkwsu.bkregistration.model.TbOrganisation:153,97
,org.springframework.security.acl.basic.SimpleAclEntry,org.bkwsu.bkregistration.model.TbOrganisation:154,98
,org.springframework.security.acl.basic.SimpleAclEntry,org.bkwsu.bkregistration.model.TbOrganisation:2705,99
,org.springframework.security.acl.basic.SimpleAclEntry,org.bkwsu.bkregistration.model.TbOrganisation:2706,100
,org.springframework.security.acl.basic.SimpleAclEntry,org.bkwsu.bkregistration.model.TbOrganisation:2823,101
,org.springframework.security.acl.basic.SimpleAclEntry,org.bkwsu.bkregistration.model.TbOrganisation:2824,102
,org.springframework.security.acl.basic.SimpleAclEntry,org.bkwsu.bkregistration.model.TbOrganisation:2895,103
,org.springframework.security.acl.basic.SimpleAclEntry,org.bkwsu.bkregistration.model.TbOrganisation:2896,104
,org.springframework.security.acl.basic.SimpleAclEntry,org.bkwsu.bkregistration.model.TbOrganisation:2897,105
,org.springframework.security.acl.basic.SimpleAclEntry,org.bkwsu.bkregistration.model.TbOrganisation:2934,107
,org.springframework.security.acl.basic.SimpleAclEntry,org.bkwsu.bkregistration.model.TbOrganisation:2935,108
,org.springframework.security.acl.basic.SimpleAclEntry,org.bkwsu.bkregistration.model.TbOrganisation:2936,109
,org.springframework.security.acl.basic.SimpleAclEntry,org.bkwsu.bkregistration.model.TbOrganisation:155,110
,org.springframework.security.acl.basic.SimpleAclEntry,org.bkwsu.bkregistration.model.TbOrganisation:158,113
,org.springframework.security.acl.basic.SimpleAclEntry,org.bkwsu.bkregistration.model.TbOrganisation:159,114
,org.springframework.security.acl.basic.SimpleAclEntry,org.bkwsu.bkregistration.model.TbOrganisation:160,115
,org.springframework.security.acl.basic.SimpleAclEntry,org.bkwsu.bkregistration.model.TbOrganisation:161,116
,org.springframework.security.acl.basic.SimpleAclEntry,org.bkwsu.bkregistration.model.TbOrganisation:163,118
,org.springframework.security.acl.basic.SimpleAclEntry,org.bkwsu.bkregistration.model.TbOrganisation:164,119
,org.springframework.security.acl.basic.SimpleAclEntry,org.bkwsu.bkregistration.model.TbOrganisation:165,120
,org.springframework.security.acl.basic.SimpleAclEntry,org.bkwsu.bkregistration.model.TbOrganisation:166,121
,org.springframework.security.acl.basic.SimpleAclEntry,org.bkwsu.bkregistration.model.TbOrganisation:167,122
,org.springframework.security.acl.basic.SimpleAclEntry,org.bkwsu.bkregistration.model.TbOrganisation:168,123
,org.springframework.security.acl.basic.SimpleAclEntry,org.bkwsu.bkregistration.model.TbOrganisation:169,124
,org.springframework.security.acl.basic.SimpleAclEntry,org.bkwsu.bkregistration.model.TbOrganisation:172,127
,org.springframework.security.acl.basic.SimpleAclEntry,org.bkwsu.bkregistration.model.TbOrganisation:173,128
,org.springframework.security.acl.basic.SimpleAclEntry,org.bkwsu.bkregistration.model.TbOrganisation:174,129
,org.springframework.security.acl.basic.SimpleAclEntry,org.bkwsu.bkregistration.model.TbOrganisation:175,130
,org.springframework.security.acl.basic.SimpleAclEntry,org.bkwsu.bkregistration.model.TbOrganisation:176,131
,org.springframework.security.acl.basic.SimpleAclEntry,org.bkwsu.bkregistration.model.TbOrganisation:178,133
,org.springframework.security.acl.basic.SimpleAclEntry,org.bkwsu.bkregistration.model.TbOrganisation:179,134
,org.springframework.security.acl.basic.SimpleAclEntry,org.bkwsu.bkregistration.model.TbOrganisation:180,135
,org.springframework.security.acl.basic.SimpleAclEntry,org.bkwsu.bkregistration.model.TbOrganisation:181,136
,org.springframework.security.acl.basic.SimpleAclEntry,org.bkwsu.bkregistration.model.TbOrganisation:182,137
,org.springframework.security.acl.basic.SimpleAclEntry,org.bkwsu.bkregistration.model.TbOrganisation:183,138
,org.springframework.security.acl.basic.SimpleAclEntry,org.bkwsu.bkregistration.model.TbOrganisation:184,139
,org.springframework.security.acl.basic.SimpleAclEntry,org.bkwsu.bkregistration.model.TbOrganisation:185,140
,org.springframework.security.acl.basic.SimpleAclEntry,org.bkwsu.bkregistration.model.TbOrganisation:186,141
,org.springframework.security.acl.basic.SimpleAclEntry,org.bkwsu.bkregistration.model.TbOrganisation:187,142
,org.springframework.security.acl.basic.SimpleAclEntry,org.bkwsu.bkregistration.model.TbOrganisation:188,143
,org.springframework.security.acl.basic.SimpleAclEntry,org.bkwsu.bkregistration.model.TbOrganisation:189,144
,org.springframework.security.acl.basic.SimpleAclEntry,org.bkwsu.bkregistration.model.TbOrganisation:190,145
,org.springframework.security.acl.basic.SimpleAclEntry,org.bkwsu.bkregistration.model.TbOrganisation:191,146
,org.springframework.security.acl.basic.SimpleAclEntry,org.bkwsu.bkregistration.model.TbOrganisation:192,147
,org.springframework.security.acl.basic.SimpleAclEntry,org.bkwsu.bkregistration.model.TbOrganisation:193,148
,org.springframework.security.acl.basic.SimpleAclEntry,org.bkwsu.bkregistration.model.TbOrganisation:194,149
,org.springframework.security.acl.basic.SimpleAclEntry,org.bkwsu.bkregistration.model.TbOrganisation:195,150
,org.springframework.security.acl.basic.SimpleAclEntry,org.bkwsu.bkregistration.model.TbOrganisation:196,151
,org.springframework.security.acl.basic.SimpleAclEntry,org.bkwsu.bkregistration.model.TbOrganisation:197,152
,org.springframework.security.acl.basic.SimpleAclEntry,org.bkwsu.bkregistration.model.TbOrganisation:198,153
,org.springframework.security.acl.basic.SimpleAclEntry,org.bkwsu.bkregistration.model.TbOrganisation:199,154
,org.springframework.security.acl.basic.SimpleAclEntry,org.bkwsu.bkregistration.model.TbOrganisation:200,155
,org.springframework.security.acl.basic.SimpleAclEntry,org.bkwsu.bkregistration.model.TbOrganisation:201,156
,org.springframework.security.acl.basic.SimpleAclEntry,org.bkwsu.bkregistration.model.TbOrganisation:202,157
,org.springframework.security.acl.basic.SimpleAclEntry,org.bkwsu.bkregistration.model.TbOrganisation:203,158
,org.springframework.security.acl.basic.SimpleAclEntry,org.bkwsu.bkregistration.model.TbOrganisation:204,159
,org.springframework.security.acl.basic.SimpleAclEntry,org.bkwsu.bkregistration.model.TbOrganisation:205,160
,org.springframework.security.acl.basic.SimpleAclEntry,org.bkwsu.bkregistration.model.TbOrganisation:206,161
,org.springframework.security.acl.basic.SimpleAclEntry,org.bkwsu.bkregistration.model.TbOrganisation:207,162
,org.springframework.security.acl.basic.SimpleAclEntry,org.bkwsu.bkregistration.model.TbOrganisation:208,163
,org.springframework.security.acl.basic.SimpleAclEntry,org.bkwsu.bkregistration.model.TbOrganisation:209,164
,org.springframework.security.acl.basic.SimpleAclEntry,org.bkwsu.bkregistration.model.TbOrganisation:210,165
,org.springframework.security.acl.basic.SimpleAclEntry,org.bkwsu.bkregistration.model.TbOrganisation:211,166
,org.springframework.security.acl.basic.SimpleAclEntry,org.bkwsu.bkregistration.model.TbOrganisation:212,167
,org.springframework.security.acl.basic.SimpleAclEntry,org.bkwsu.bkregistration.model.TbOrganisation:213,168
,org.springframework.security.acl.basic.SimpleAclEntry,org.bkwsu.bkregistration.model.TbOrganisation:214,169
,org.springframework.security.acl.basic.SimpleAclEntry,org.bkwsu.bkregistration.model.TbOrganisation:215,170
,org.springframework.security.acl.basic.SimpleAclEntry,org.bkwsu.bkregistration.model.TbOrganisation:216,171
,org.springframework.security.acl.basic.SimpleAclEntry,org.bkwsu.bkregistration.model.TbOrganisation:217,172
,org.springframework.security.acl.basic.SimpleAclEntry,org.bkwsu.bkregistration.model.TbOrganisation:218,173
,org.springframework.security.acl.basic.SimpleAclEntry,org.bkwsu.bkregistration.model.TbOrganisation:219,174
,org.springframework.security.acl.basic.SimpleAclEntry,org.bkwsu.bkregistration.model.TbOrganisation:220,175
,org.springframework.security.acl.basic.SimpleAclEntry,org.bkwsu.bkregistration.model.TbOrganisation:221,176
,org.springframework.security.acl.basic.SimpleAclEntry,org.bkwsu.bkregistration.model.TbOrganisation:222,177
,org.springframework.security.acl.basic.SimpleAclEntry,org.bkwsu.bkregistration.model.TbOrganisation:223,178
,org.springframework.security.acl.basic.SimpleAclEntry,org.bkwsu.bkregistration.model.TbOrganisation:224,179
,org.springframework.security.acl.basic.SimpleAclEntry,org.bkwsu.bkregistration.model.TbOrganisation:225,180
,org.springframework.security.acl.basic.SimpleAclEntry,org.bkwsu.bkregistration.model.TbOrganisation:226,181
,org.springframework.security.acl.basic.SimpleAclEntry,org.bkwsu.bkregistration.model.TbOrganisation:227,182
,org.springframework.security.acl.basic.SimpleAclEntry,org.bkwsu.bkregistration.model.TbOrganisation:228,183
,org.springframework.security.acl.basic.SimpleAclEntry,org.bkwsu.bkregistration.model.TbOrganisation:229,184
,org.springframework.security.acl.basic.SimpleAclEntry,org.bkwsu.bkregistration.model.TbOrganisation:230,185
,org.springframework.security.acl.basic.SimpleAclEntry,org.bkwsu.bkregistration.model.TbOrganisation:231,186
,org.springframework.security.acl.basic.SimpleAclEntry,org.bkwsu.bkregistration.model.TbOrganisation:232,187
,org.springframework.security.acl.basic.SimpleAclEntry,org.bkwsu.bkregistration.model.TbOrganisation:233,188
,org.springframework.security.acl.basic.SimpleAclEntry,org.bkwsu.bkregistration.model.TbOrganisation:234,189
,org.springframework.security.acl.basic.SimpleAclEntry,org.bkwsu.bkregistration.model.TbOrganisation:235,190
,org.springframework.security.acl.basic.SimpleAclEntry,org.bkwsu.bkregistration.model.TbOrganisation:236,191
,org.springframework.security.acl.basic.SimpleAclEntry,org.bkwsu.bkregistration.model.TbOrganisation:237,192
,org.springframework.security.acl.basic.SimpleAclEntry,org.bkwsu.bkregistration.model.TbOrganisation:238,193
,org.springframework.security.acl.basic.SimpleAclEntry,org.bkwsu.bkregistration.model.TbOrganisation:239,194
,org.springframework.security.acl.basic.SimpleAclEntry,org.bkwsu.bkregistration.model.TbOrganisation:240,195
,org.springframework.security.acl.basic.SimpleAclEntry,org.bkwsu.bkregistration.model.TbOrganisation:241,196
,org.springframework.security.acl.basic.SimpleAclEntry,org.bkwsu.bkregistration.model.TbOrganisation:242,197
,org.springframework.security.acl.basic.SimpleAclEntry,org.bkwsu.bkregistration.model.TbOrganisation:243,198
,org.springframework.security.acl.basic.SimpleAclEntry,org.bkwsu.bkregistration.model.TbOrganisation:244,199
,org.springframework.security.acl.basic.SimpleAclEntry,org.bkwsu.bkregistration.model.TbOrganisation:245,200
,org.springframework.security.acl.basic.SimpleAclEntry,org.bkwsu.bkregistration.model.TbOrganisation:246,201
,org.springframework.security.acl.basic.SimpleAclEntry,org.bkwsu.bkregistration.model.TbOrganisation:247,202
,org.springframework.security.acl.basic.SimpleAclEntry,org.bkwsu.bkregistration.model.TbOrganisation:248,203
,org.springframework.security.acl.basic.SimpleAclEntry,org.bkwsu.bkregistration.model.TbOrganisation:249,204
,org.springframework.security.acl.basic.SimpleAclEntry,org.bkwsu.bkregistration.model.TbOrganisation:250,205
,org.springframework.security.acl.basic.SimpleAclEntry,org.bkwsu.bkregistration.model.TbOrganisation:251,206
,org.springframework.security.acl.basic.SimpleAclEntry,org.bkwsu.bkregistration.model.TbOrganisation:252,207
,org.springframework.security.acl.basic.SimpleAclEntry,org.bkwsu.bkregistration.model.TbOrganisation:253,208
,org.springframework.security.acl.basic.SimpleAclEntry,org.bkwsu.bkregistration.model.TbOrganisation:254,209
,org.springframework.security.acl.basic.SimpleAclEntry,org.bkwsu.bkregistration.model.TbOrganisation:255,210
,org.springframework.security.acl.basic.SimpleAclEntry,org.bkwsu.bkregistration.model.TbOrganisation:256,211
,org.springframework.security.acl.basic.SimpleAclEntry,org.bkwsu.bkregistration.model.TbOrganisation:257,212
,org.springframework.security.acl.basic.SimpleAclEntry,org.bkwsu.bkregistration.model.TbOrganisation:258,213
,org.springframework.security.acl.basic.SimpleAclEntry,org.bkwsu.bkregistration.model.TbOrganisation:259,214
,org.springframework.security.acl.basic.SimpleAclEntry,org.bkwsu.bkregistration.model.TbOrganisation:260,215
,org.springframework.security.acl.basic.SimpleAclEntry,org.bkwsu.bkregistration.model.TbOrganisation:261,216
,org.springframework.security.acl.basic.SimpleAclEntry,org.bkwsu.bkregistration.model.TbOrganisation:262,217
,org.springframework.security.acl.basic.SimpleAclEntry,org.bkwsu.bkregistration.model.TbOrganisation:263,218
,org.springframework.security.acl.basic.SimpleAclEntry,org.bkwsu.bkregistration.model.TbOrganisation:264,219
,org.springframework.security.acl.basic.SimpleAclEntry,org.bkwsu.bkregistration.model.TbOrganisation:265,220
,org.springframework.security.acl.basic.SimpleAclEntry,org.bkwsu.bkregistration.model.TbOrganisation:266,221
,org.springframework.security.acl.basic.SimpleAclEntry,org.bkwsu.bkregistration.model.TbOrganisation:267,222
,org.springframework.security.acl.basic.SimpleAclEntry,org.bkwsu.bkregistration.model.TbOrganisation:268,223
,org.springframework.security.acl.basic.SimpleAclEntry,org.bkwsu.bkregistration.model.TbOrganisation:269,224
,org.springframework.security.acl.basic.SimpleAclEntry,org.bkwsu.bkregistration.model.TbOrganisation:270,225
,org.springframework.security.acl.basic.SimpleAclEntry,org.bkwsu.bkregistration.model.TbOrganisation:271,226
,org.springframework.security.acl.basic.SimpleAclEntry,org.bkwsu.bkregistration.model.TbOrganisation:272,227
,org.springframework.security.acl.basic.SimpleAclEntry,org.bkwsu.bkregistration.model.TbOrganisation:273,228
,org.springframework.security.acl.basic.SimpleAclEntry,org.bkwsu.bkregistration.model.TbOrganisation:274,229
,org.springframework.security.acl.basic.SimpleAclEntry,org.bkwsu.bkregistration.model.TbOrganisation:275,230
,org.springframework.security.acl.basic.SimpleAclEntry,org.bkwsu.bkregistration.model.TbOrganisation:276,231
,org.springframework.security.acl.basic.SimpleAclEntry,org.bkwsu.bkregistration.model.TbOrganisation:598,551
,org.springframework.security.acl.basic.SimpleAclEntry,org.bkwsu.bkregistration.model.TbOrganisation:599,552
,org.springframework.security.acl.basic.SimpleAclEntry,org.bkwsu.bkregistration.model.TbOrganisation:600,553
,org.springframework.security.acl.basic.SimpleAclEntry,org.bkwsu.bkregistration.model.TbOrganisation:601,554
,org.springframework.security.acl.basic.SimpleAclEntry,org.bkwsu.bkregistration.model.TbOrganisation:602,555
,org.springframework.security.acl.basic.SimpleAclEntry,org.bkwsu.bkregistration.model.TbOrganisation:603,556
,org.springframework.security.acl.basic.SimpleAclEntry,org.bkwsu.bkregistration.model.TbOrganisation:604,557
,org.springframework.security.acl.basic.SimpleAclEntry,org.bkwsu.bkregistration.model.TbOrganisation:605,558
,org.springframework.security.acl.basic.SimpleAclEntry,org.bkwsu.bkregistration.model.TbOrganisation:606,559
,org.springframework.security.acl.basic.SimpleAclEntry,org.bkwsu.bkregistration.model.TbOrganisation:607,560
,org.springframework.security.acl.basic.SimpleAclEntry,org.bkwsu.bkregistration.model.TbOrganisation:608,561
,org.springframework.security.acl.basic.SimpleAclEntry,org.bkwsu.bkregistration.model.TbOrganisation:609,562
,org.springframework.security.acl.basic.SimpleAclEntry,org.bkwsu.bkregistration.model.TbOrganisation:610,563
,org.springframework.security.acl.basic.SimpleAclEntry,org.bkwsu.bkregistration.model.TbOrganisation:722,675
,org.springframework.security.acl.basic.SimpleAclEntry,org.bkwsu.bkregistration.model.TbOrganisation:612,565
,org.springframework.security.acl.basic.SimpleAclEntry,org.bkwsu.bkregistration.model.TbOrganisation:613,566
,org.springframework.security.acl.basic.SimpleAclEntry,org.bkwsu.bkregistration.model.TbOrganisation:614,567
,org.springframework.security.acl.basic.SimpleAclEntry,org.bkwsu.bkregistration.model.TbOrganisation:615,568
,org.springframework.security.acl.basic.SimpleAclEntry,org.bkwsu.bkregistration.model.TbOrganisation:727,680
,org.springframework.security.acl.basic.SimpleAclEntry,org.bkwsu.bkregistration.model.TbOrganisation:617,570
,org.springframework.security.acl.basic.SimpleAclEntry,org.bkwsu.bkregistration.model.TbOrganisation:618,571
,org.springframework.security.acl.basic.SimpleAclEntry,org.bkwsu.bkregistration.model.TbOrganisation:298,253
,org.springframework.security.acl.basic.SimpleAclEntry,org.bkwsu.bkregistration.model.TbOrganisation:299,254
,org.springframework.security.acl.basic.SimpleAclEntry,org.bkwsu.bkregistration.model.TbOrganisation:300,255
,org.springframework.security.acl.basic.SimpleAclEntry,org.bkwsu.bkregistration.model.TbOrganisation:301,256
,org.springframework.security.acl.basic.SimpleAclEntry,org.bkwsu.bkregistration.model.TbOrganisation:302,257
,org.springframework.security.acl.basic.SimpleAclEntry,org.bkwsu.bkregistration.model.TbOrganisation:303,258
,org.springframework.security.acl.basic.SimpleAclEntry,org.bkwsu.bkregistration.model.TbOrganisation:304,259
,org.springframework.security.acl.basic.SimpleAclEntry,org.bkwsu.bkregistration.model.TbOrganisation:305,260
,org.springframework.security.acl.basic.SimpleAclEntry,org.bkwsu.bkregistration.model.TbOrganisation:306,261
,org.springframework.security.acl.basic.SimpleAclEntry,org.bkwsu.bkregistration.model.TbOrganisation:307,262
,org.springframework.security.acl.basic.SimpleAclEntry,org.bkwsu.bkregistration.model.TbOrganisation:308,263
,org.springframework.security.acl.basic.SimpleAclEntry,org.bkwsu.bkregistration.model.TbOrganisation:309,264
,org.springframework.security.acl.basic.SimpleAclEntry,org.bkwsu.bkregistration.model.TbOrganisation:310,265
,org.springframework.security.acl.basic.SimpleAclEntry,org.bkwsu.bkregistration.model.TbOrganisation:311,266
,org.springframework.security.acl.basic.SimpleAclEntry,org.bkwsu.bkregistration.model.TbOrganisation:312,267
,org.springframework.security.acl.basic.SimpleAclEntry,org.bkwsu.bkregistration.model.TbOrganisation:313,268
,org.springframework.security.acl.basic.SimpleAclEntry,org.bkwsu.bkregistration.model.TbOrganisation:314,269
,org.springframework.security.acl.basic.SimpleAclEntry,org.bkwsu.bkregistration.model.TbOrganisation:315,270
,org.springframework.security.acl.basic.SimpleAclEntry,org.bkwsu.bkregistration.model.TbOrganisation:316,271
,org.springframework.security.acl.basic.SimpleAclEntry,org.bkwsu.bkregistration.model.TbOrganisation:317,272
,org.springframework.security.acl.basic.SimpleAclEntry,org.bkwsu.bkregistration.model.TbOrganisation:318,273
,org.springframework.security.acl.basic.SimpleAclEntry,org.bkwsu.bkregistration.model.TbOrganisation:319,274
,org.springframework.security.acl.basic.SimpleAclEntry,org.bkwsu.bkregistration.model.TbOrganisation:320,275
,org.springframework.security.acl.basic.SimpleAclEntry,org.bkwsu.bkregistration.model.TbOrganisation:321,276
,org.springframework.security.acl.basic.SimpleAclEntry,org.bkwsu.bkregistration.model.TbOrganisation:322,277
,org.springframework.security.acl.basic.SimpleAclEntry,org.bkwsu.bkregistration.model.TbOrganisation:323,278
,org.springframework.security.acl.basic.SimpleAclEntry,org.bkwsu.bkregistration.model.TbOrganisation:324,279
,org.springframework.security.acl.basic.SimpleAclEntry,org.bkwsu.bkregistration.model.TbOrganisation:325,280
,org.springframework.security.acl.basic.SimpleAclEntry,org.bkwsu.bkregistration.model.TbOrganisation:326,281
,org.springframework.security.acl.basic.SimpleAclEntry,org.bkwsu.bkregistration.model.TbOrganisation:327,282
,org.springframework.security.acl.basic.SimpleAclEntry,org.bkwsu.bkregistration.model.TbOrganisation:328,283
,org.springframework.security.acl.basic.SimpleAclEntry,org.bkwsu.bkregistration.model.TbOrganisation:619,572
,org.springframework.security.acl.basic.SimpleAclEntry,org.bkwsu.bkregistration.model.TbOrganisation:620,573
,org.springframework.security.acl.basic.SimpleAclEntry,org.bkwsu.bkregistration.model.TbOrganisation:621,574
,org.springframework.security.acl.basic.SimpleAclEntry,org.bkwsu.bkregistration.model.TbOrganisation:622,575
,org.springframework.security.acl.basic.SimpleAclEntry,org.bkwsu.bkregistration.model.TbOrganisation:623,576
,org.springframework.security.acl.basic.SimpleAclEntry,org.bkwsu.bkregistration.model.TbOrganisation:624,577
,org.springframework.security.acl.basic.SimpleAclEntry,org.bkwsu.bkregistration.model.TbOrganisation:625,578
,org.springframework.security.acl.basic.SimpleAclEntry,org.bkwsu.bkregistration.model.TbOrganisation:626,579
,org.springframework.security.acl.basic.SimpleAclEntry,org.bkwsu.bkregistration.model.TbOrganisation:627,580
,org.springframework.security.acl.basic.SimpleAclEntry,org.bkwsu.bkregistration.model.TbOrganisation:628,581
,org.springframework.security.acl.basic.SimpleAclEntry,org.bkwsu.bkregistration.model.TbOrganisation:629,582
,org.springframework.security.acl.basic.SimpleAclEntry,org.bkwsu.bkregistration.model.TbOrganisation:630,583
,org.springframework.security.acl.basic.SimpleAclEntry,org.bkwsu.bkregistration.model.TbOrganisation:631,584
,org.springframework.security.acl.basic.SimpleAclEntry,org.bkwsu.bkregistration.model.TbOrganisation:632,585
,org.springframework.security.acl.basic.SimpleAclEntry,org.bkwsu.bkregistration.model.TbOrganisation:633,586
,org.springframework.security.acl.basic.SimpleAclEntry,org.bkwsu.bkregistration.model.TbOrganisation:634,587
,org.springframework.security.acl.basic.SimpleAclEntry,org.bkwsu.bkregistration.model.TbOrganisation:635,588
,org.springframework.security.acl.basic.SimpleAclEntry,org.bkwsu.bkregistration.model.TbOrganisation:636,589
,org.springframework.security.acl.basic.SimpleAclEntry,org.bkwsu.bkregistration.model.TbOrganisation:637,590
,org.springframework.security.acl.basic.SimpleAclEntry,org.bkwsu.bkregistration.model.TbOrganisation:638,591
,org.springframework.security.acl.basic.SimpleAclEntry,org.bkwsu.bkregistration.model.TbOrganisation:639,592
,org.springframework.security.acl.basic.SimpleAclEntry,org.bkwsu.bkregistration.model.TbOrganisation:640,593
,org.springframework.security.acl.basic.SimpleAclEntry,org.bkwsu.bkregistration.model.TbOrganisation:641,594
,org.springframework.security.acl.basic.SimpleAclEntry,org.bkwsu.bkregistration.model.TbOrganisation:642,595
,org.springframework.security.acl.basic.SimpleAclEntry,org.bkwsu.bkregistration.model.TbOrganisation:643,596
,org.springframework.security.acl.basic.SimpleAclEntry,org.bkwsu.bkregistration.model.TbOrganisation:644,597
,org.springframework.security.acl.basic.SimpleAclEntry,org.bkwsu.bkregistration.model.TbOrganisation:646,599
,org.springframework.security.acl.basic.SimpleAclEntry,org.bkwsu.bkregistration.model.TbOrganisation:647,600
,org.springframework.security.acl.basic.SimpleAclEntry,org.bkwsu.bkregistration.model.TbOrganisation:648,601
,org.springframework.security.acl.basic.SimpleAclEntry,org.bkwsu.bkregistration.model.TbOrganisation:649,602
,org.springframework.security.acl.basic.SimpleAclEntry,org.bkwsu.bkregistration.model.TbOrganisation:650,603
,org.springframework.security.acl.basic.SimpleAclEntry,org.bkwsu.bkregistration.model.TbOrganisation:651,604
,org.springframework.security.acl.basic.SimpleAclEntry,org.bkwsu.bkregistration.model.TbOrganisation:652,605
,org.springframework.security.acl.basic.SimpleAclEntry,org.bkwsu.bkregistration.model.TbOrganisation:653,606
,org.springframework.security.acl.basic.SimpleAclEntry,org.bkwsu.bkregistration.model.TbOrganisation:654,607
,org.springframework.security.acl.basic.SimpleAclEntry,org.bkwsu.bkregistration.model.TbOrganisation:655,608
,org.springframework.security.acl.basic.SimpleAclEntry,org.bkwsu.bkregistration.model.TbOrganisation:656,609
,org.springframework.security.acl.basic.SimpleAclEntry,org.bkwsu.bkregistration.model.TbOrganisation:657,610
,org.springframework.security.acl.basic.SimpleAclEntry,org.bkwsu.bkregistration.model.TbOrganisation:658,611
,org.springframework.security.acl.basic.SimpleAclEntry,org.bkwsu.bkregistration.model.TbOrganisation:659,612
,org.springframework.security.acl.basic.SimpleAclEntry,org.bkwsu.bkregistration.model.TbOrganisation:660,613
,org.springframework.security.acl.basic.SimpleAclEntry,org.bkwsu.bkregistration.model.TbOrganisation:661,614
,org.springframework.security.acl.basic.SimpleAclEntry,org.bkwsu.bkregistration.model.TbOrganisation:662,615
,org.springframework.security.acl.basic.SimpleAclEntry,org.bkwsu.bkregistration.model.TbOrganisation:663,616
,org.springframework.security.acl.basic.SimpleAclEntry,org.bkwsu.bkregistration.model.TbOrganisation:664,617
,org.springframework.security.acl.basic.SimpleAclEntry,org.bkwsu.bkregistration.model.TbOrganisation:665,618
,org.springframework.security.acl.basic.SimpleAclEntry,org.bkwsu.bkregistration.model.TbOrganisation:666,619
,org.springframework.security.acl.basic.SimpleAclEntry,org.bkwsu.bkregistration.model.TbOrganisation:667,620
,org.springframework.security.acl.basic.SimpleAclEntry,org.bkwsu.bkregistration.model.TbOrganisation:668,621
,org.springframework.security.acl.basic.SimpleAclEntry,org.bkwsu.bkregistration.model.TbOrganisation:669,622
,org.springframework.security.acl.basic.SimpleAclEntry,org.bkwsu.bkregistration.model.TbOrganisation:670,623
,org.springframework.security.acl.basic.SimpleAclEntry,org.bkwsu.bkregistration.model.TbOrganisation:671,624
,org.springframework.security.acl.basic.SimpleAclEntry,org.bkwsu.bkregistration.model.TbOrganisation:672,625
,org.springframework.security.acl.basic.SimpleAclEntry,org.bkwsu.bkregistration.model.TbOrganisation:673,626
,org.springframework.security.acl.basic.SimpleAclEntry,org.bkwsu.bkregistration.model.TbOrganisation:674,627
,org.springframework.security.acl.basic.SimpleAclEntry,org.bkwsu.bkregistration.model.TbOrganisation:675,628
,org.springframework.security.acl.basic.SimpleAclEntry,org.bkwsu.bkregistration.model.TbOrganisation:676,629
,org.springframework.security.acl.basic.SimpleAclEntry,org.bkwsu.bkregistration.model.TbOrganisation:677,630
,org.springframework.security.acl.basic.SimpleAclEntry,org.bkwsu.bkregistration.model.TbOrganisation:678,631
,org.springframework.security.acl.basic.SimpleAclEntry,org.bkwsu.bkregistration.model.TbOrganisation:679,632
,org.springframework.security.acl.basic.SimpleAclEntry,org.bkwsu.bkregistration.model.TbOrganisation:680,633
,org.springframework.security.acl.basic.SimpleAclEntry,org.bkwsu.bkregistration.model.TbOrganisation:681,634
,org.springframework.security.acl.basic.SimpleAclEntry,org.bkwsu.bkregistration.model.TbOrganisation:682,635
,org.springframework.security.acl.basic.SimpleAclEntry,org.bkwsu.bkregistration.model.TbOrganisation:683,636
,org.springframework.security.acl.basic.SimpleAclEntry,org.bkwsu.bkregistration.model.TbOrganisation:684,637
,org.springframework.security.acl.basic.SimpleAclEntry,org.bkwsu.bkregistration.model.TbOrganisation:685,638
,org.springframework.security.acl.basic.SimpleAclEntry,org.bkwsu.bkregistration.model.TbOrganisation:686,639
,org.springframework.security.acl.basic.SimpleAclEntry,org.bkwsu.bkregistration.model.TbOrganisation:687,640
,org.springframework.security.acl.basic.SimpleAclEntry,org.bkwsu.bkregistration.model.TbOrganisation:688,641
,org.springframework.security.acl.basic.SimpleAclEntry,org.bkwsu.bkregistration.model.TbOrganisation:689,642
,org.springframework.security.acl.basic.SimpleAclEntry,org.bkwsu.bkregistration.model.TbOrganisation:690,643
,org.springframework.security.acl.basic.SimpleAclEntry,org.bkwsu.bkregistration.model.TbOrganisation:691,644
,org.springframework.security.acl.basic.SimpleAclEntry,org.bkwsu.bkregistration.model.TbOrganisation:692,645
,org.springframework.security.acl.basic.SimpleAclEntry,org.bkwsu.bkregistration.model.TbOrganisation:693,646
,org.springframework.security.acl.basic.SimpleAclEntry,org.bkwsu.bkregistration.model.TbOrganisation:694,647
,org.springframework.security.acl.basic.SimpleAclEntry,org.bkwsu.bkregistration.model.TbOrganisation:695,648
,org.springframework.security.acl.basic.SimpleAclEntry,org.bkwsu.bkregistration.model.TbOrganisation:696,649
,org.springframework.security.acl.basic.SimpleAclEntry,org.bkwsu.bkregistration.model.TbOrganisation:697,650
,org.springframework.security.acl.basic.SimpleAclEntry,org.bkwsu.bkregistration.model.TbOrganisation:698,651
,org.springframework.security.acl.basic.SimpleAclEntry,org.bkwsu.bkregistration.model.TbOrganisation:699,652
,org.springframework.security.acl.basic.SimpleAclEntry,org.bkwsu.bkregistration.model.TbOrganisation:700,653
,org.springframework.security.acl.basic.SimpleAclEntry,org.bkwsu.bkregistration.model.TbOrganisation:701,654
,org.springframework.security.acl.basic.SimpleAclEntry,org.bkwsu.bkregistration.model.TbOrganisation:702,655
,org.springframework.security.acl.basic.SimpleAclEntry,org.bkwsu.bkregistration.model.TbOrganisation:703,656
,org.springframework.security.acl.basic.SimpleAclEntry,org.bkwsu.bkregistration.model.TbOrganisation:704,657
,org.springframework.security.acl.basic.SimpleAclEntry,org.bkwsu.bkregistration.model.TbOrganisation:705,658
,org.springframework.security.acl.basic.SimpleAclEntry,org.bkwsu.bkregistration.model.TbOrganisation:706,659
,org.springframework.security.acl.basic.SimpleAclEntry,org.bkwsu.bkregistration.model.TbOrganisation:707,660
,org.springframework.security.acl.basic.SimpleAclEntry,org.bkwsu.bkregistration.model.TbOrganisation:708,661
,org.springframework.security.acl.basic.SimpleAclEntry,org.bkwsu.bkregistration.model.TbOrganisation:709,662
,org.springframework.security.acl.basic.SimpleAclEntry,org.bkwsu.bkregistration.model.TbOrganisation:710,663
,org.springframework.security.acl.basic.SimpleAclEntry,org.bkwsu.bkregistration.model.TbOrganisation:711,664
,org.springframework.security.acl.basic.SimpleAclEntry,org.bkwsu.bkregistration.model.TbOrganisation:712,665
,org.springframework.security.acl.basic.SimpleAclEntry,org.bkwsu.bkregistration.model.TbOrganisation:713,666
,org.springframework.security.acl.basic.SimpleAclEntry,org.bkwsu.bkregistration.model.TbOrganisation:714,667
,org.springframework.security.acl.basic.SimpleAclEntry,org.bkwsu.bkregistration.model.TbOrganisation:715,668
,org.springframework.security.acl.basic.SimpleAclEntry,org.bkwsu.bkregistration.model.TbOrganisation:716,669
,org.springframework.security.acl.basic.SimpleAclEntry,org.bkwsu.bkregistration.model.TbOrganisation:717,670
,org.springframework.security.acl.basic.SimpleAclEntry,org.bkwsu.bkregistration.model.TbOrganisation:718,671
,org.springframework.security.acl.basic.SimpleAclEntry,org.bkwsu.bkregistration.model.TbOrganisation:719,672
,org.springframework.security.acl.basic.SimpleAclEntry,org.bkwsu.bkregistration.model.TbOrganisation:720,673
,org.springframework.security.acl.basic.SimpleAclEntry,org.bkwsu.bkregistration.model.TbOrganisation:723,676
,org.springframework.security.acl.basic.SimpleAclEntry,org.bkwsu.bkregistration.model.TbOrganisation:724,677
,org.springframework.security.acl.basic.SimpleAclEntry,org.bkwsu.bkregistration.model.TbOrganisation:732,685
,org.springframework.security.acl.basic.SimpleAclEntry,org.bkwsu.bkregistration.model.TbOrganisation:733,686
,org.springframework.security.acl.basic.SimpleAclEntry,org.bkwsu.bkregistration.model.TbOrganisation:734,687
,org.springframework.security.acl.basic.SimpleAclEntry,org.bkwsu.bkregistration.model.TbOrganisation:735,688
,org.springframework.security.acl.basic.SimpleAclEntry,org.bkwsu.bkregistration.model.TbOrganisation:736,689
,org.springframework.security.acl.basic.SimpleAclEntry,org.bkwsu.bkregistration.model.TbOrganisation:737,690
,org.springframework.security.acl.basic.SimpleAclEntry,org.bkwsu.bkregistration.model.TbOrganisation:738,691
,org.springframework.security.acl.basic.SimpleAclEntry,org.bkwsu.bkregistration.model.TbOrganisation:739,692
,org.springframework.security.acl.basic.SimpleAclEntry,org.bkwsu.bkregistration.model.TbOrganisation:740,693
,org.springframework.security.acl.basic.SimpleAclEntry,org.bkwsu.bkregistration.model.TbOrganisation:59,694
,org.springframework.security.acl.basic.SimpleAclEntry,org.bkwsu.bkregistration.model.TbOrganisation:741,695
,org.springframework.security.acl.basic.SimpleAclEntry,org.bkwsu.bkregistration.model.TbOrganisation:742,696
,org.springframework.security.acl.basic.SimpleAclEntry,org.bkwsu.bkregistration.model.TbOrganisation:743,697
,org.springframework.security.acl.basic.SimpleAclEntry,org.bkwsu.bkregistration.model.TbOrganisation:744,698
,org.springframework.security.acl.basic.SimpleAclEntry,org.bkwsu.bkregistration.model.TbOrganisation:745,699
,org.springframework.security.acl.basic.SimpleAclEntry,org.bkwsu.bkregistration.model.TbOrganisation:746,700
,org.springframework.security.acl.basic.SimpleAclEntry,org.bkwsu.bkregistration.model.TbOrganisation:747,701
,org.springframework.security.acl.basic.SimpleAclEntry,org.bkwsu.bkregistration.model.TbOrganisation:748,702
,org.springframework.security.acl.basic.SimpleAclEntry,org.bkwsu.bkregistration.model.TbOrganisation:749,703
,org.springframework.security.acl.basic.SimpleAclEntry,org.bkwsu.bkregistration.model.TbOrganisation:750,704
,org.springframework.security.acl.basic.SimpleAclEntry,org.bkwsu.bkregistration.model.TbOrganisation:751,705
,org.springframework.security.acl.basic.SimpleAclEntry,org.bkwsu.bkregistration.model.TbOrganisation:752,706
,org.springframework.security.acl.basic.SimpleAclEntry,org.bkwsu.bkregistration.model.TbOrganisation:753,707
,org.springframework.security.acl.basic.SimpleAclEntry,org.bkwsu.bkregistration.model.TbOrganisation:754,708
,org.springframework.security.acl.basic.SimpleAclEntry,org.bkwsu.bkregistration.model.TbOrganisation:755,709
,org.springframework.security.acl.basic.SimpleAclEntry,org.bkwsu.bkregistration.model.TbOrganisation:756,710
,org.springframework.security.acl.basic.SimpleAclEntry,org.bkwsu.bkregistration.model.TbOrganisation:757,711
,org.springframework.security.acl.basic.SimpleAclEntry,org.bkwsu.bkregistration.model.TbOrganisation:758,712
,org.springframework.security.acl.basic.SimpleAclEntry,org.bkwsu.bkregistration.model.TbOrganisation:759,713
,org.springframework.security.acl.basic.SimpleAclEntry,org.bkwsu.bkregistration.model.TbOrganisation:760,714
,org.springframework.security.acl.basic.SimpleAclEntry,org.bkwsu.bkregistration.model.TbOrganisation:761,715
,org.springframework.security.acl.basic.SimpleAclEntry,org.bkwsu.bkregistration.model.TbOrganisation:762,716
,org.springframework.security.acl.basic.SimpleAclEntry,org.bkwsu.bkregistration.model.TbOrganisation:763,717
,org.springframework.security.acl.basic.SimpleAclEntry,org.bkwsu.bkregistration.model.TbOrganisation:764,718
,org.springframework.security.acl.basic.SimpleAclEntry,org.bkwsu.bkregistration.model.TbOrganisation:765,719
,org.springframework.security.acl.basic.SimpleAclEntry,org.bkwsu.bkregistration.model.TbOrganisation:766,720
,org.springframework.security.acl.basic.SimpleAclEntry,org.bkwsu.bkregistration.model.TbOrganisation:767,721
,org.springframework.security.acl.basic.SimpleAclEntry,org.bkwsu.bkregistration.model.TbOrganisation:768,722
,org.springframework.security.acl.basic.SimpleAclEntry,org.bkwsu.bkregistration.model.TbOrganisation:769,723
,org.springframework.security.acl.basic.SimpleAclEntry,org.bkwsu.bkregistration.model.TbOrganisation:770,724
,org.springframework.security.acl.basic.SimpleAclEntry,org.bkwsu.bkregistration.model.TbOrganisation:771,725
,org.springframework.security.acl.basic.SimpleAclEntry,org.bkwsu.bkregistration.model.TbOrganisation:772,726
,org.springframework.security.acl.basic.SimpleAclEntry,org.bkwsu.bkregistration.model.TbOrganisation:773,727
,org.springframework.security.acl.basic.SimpleAclEntry,org.bkwsu.bkregistration.model.TbOrganisation:774,728
,org.springframework.security.acl.basic.SimpleAclEntry,org.bkwsu.bkregistration.model.TbOrganisation:775,729
,org.springframework.security.acl.basic.SimpleAclEntry,org.bkwsu.bkregistration.model.TbOrganisation:776,730
,org.springframework.security.acl.basic.SimpleAclEntry,org.bkwsu.bkregistration.model.TbOrganisation:777,731
,org.springframework.security.acl.basic.SimpleAclEntry,org.bkwsu.bkregistration.model.TbOrganisation:778,732
,org.springframework.security.acl.basic.SimpleAclEntry,org.bkwsu.bkregistration.model.TbOrganisation:779,733
,org.springframework.security.acl.basic.SimpleAclEntry,org.bkwsu.bkregistration.model.TbOrganisation:780,734
,org.springframework.security.acl.basic.SimpleAclEntry,org.bkwsu.bkregistration.model.TbOrganisation:781,735
,org.springframework.security.acl.basic.SimpleAclEntry,org.bkwsu.bkregistration.model.TbOrganisation:782,736
,org.springframework.security.acl.basic.SimpleAclEntry,org.bkwsu.bkregistration.model.TbOrganisation:783,737
,org.springframework.security.acl.basic.SimpleAclEntry,org.bkwsu.bkregistration.model.TbOrganisation:784,738
,org.springframework.security.acl.basic.SimpleAclEntry,org.bkwsu.bkregistration.model.TbOrganisation:785,739
,org.springframework.security.acl.basic.SimpleAclEntry,org.bkwsu.bkregistration.model.TbOrganisation:786,740
,org.springframework.security.acl.basic.SimpleAclEntry,org.bkwsu.bkregistration.model.TbOrganisation:787,741
,org.springframework.security.acl.basic.SimpleAclEntry,org.bkwsu.bkregistration.model.TbOrganisation:788,742
,org.springframework.security.acl.basic.SimpleAclEntry,org.bkwsu.bkregistration.model.TbOrganisation:789,743
,org.springframework.security.acl.basic.SimpleAclEntry,org.bkwsu.bkregistration.model.TbOrganisation:790,744
,org.springframework.security.acl.basic.SimpleAclEntry,org.bkwsu.bkregistration.model.TbOrganisation:791,745
,org.springframework.security.acl.basic.SimpleAclEntry,org.bkwsu.bkregistration.model.TbOrganisation:792,746
,org.springframework.security.acl.basic.SimpleAclEntry,org.bkwsu.bkregistration.model.TbOrganisation:793,747
,org.springframework.security.acl.basic.SimpleAclEntry,org.bkwsu.bkregistration.model.TbOrganisation:794,748
,org.springframework.security.acl.basic.SimpleAclEntry,org.bkwsu.bkregistration.model.TbOrganisation:795,749
,org.springframework.security.acl.basic.SimpleAclEntry,org.bkwsu.bkregistration.model.TbOrganisation:796,750
,org.springframework.security.acl.basic.SimpleAclEntry,org.bkwsu.bkregistration.model.TbOrganisation:797,751
,org.springframework.security.acl.basic.SimpleAclEntry,org.bkwsu.bkregistration.model.TbOrganisation:798,752
,org.springframework.security.acl.basic.SimpleAclEntry,org.bkwsu.bkregistration.model.TbOrganisation:799,753
,org.springframework.security.acl.basic.SimpleAclEntry,org.bkwsu.bkregistration.model.TbOrganisation:800,754
,org.springframework.security.acl.basic.SimpleAclEntry,org.bkwsu.bkregistration.model.TbOrganisation:801,755
,org.springframework.security.acl.basic.SimpleAclEntry,org.bkwsu.bkregistration.model.TbOrganisation:802,756
,org.springframework.security.acl.basic.SimpleAclEntry,org.bkwsu.bkregistration.model.TbOrganisation:803,757
,org.springframework.security.acl.basic.SimpleAclEntry,org.bkwsu.bkregistration.model.TbOrganisation:804,758
,org.springframework.security.acl.basic.SimpleAclEntry,org.bkwsu.bkregistration.model.TbOrganisation:805,759
,org.springframework.security.acl.basic.SimpleAclEntry,org.bkwsu.bkregistration.model.TbOrganisation:806,760
,org.springframework.security.acl.basic.SimpleAclEntry,org.bkwsu.bkregistration.model.TbOrganisation:807,761
,org.springframework.security.acl.basic.SimpleAclEntry,org.bkwsu.bkregistration.model.TbOrganisation:808,762
,org.springframework.security.acl.basic.SimpleAclEntry,org.bkwsu.bkregistration.model.TbOrganisation:809,763
,org.springframework.security.acl.basic.SimpleAclEntry,org.bkwsu.bkregistration.model.TbOrganisation:810,764
,org.springframework.security.acl.basic.SimpleAclEntry,org.bkwsu.bkregistration.model.TbOrganisation:811,765
,org.springframework.security.acl.basic.SimpleAclEntry,org.bkwsu.bkregistration.model.TbOrganisation:812,766
,org.springframework.security.acl.basic.SimpleAclEntry,org.bkwsu.bkregistration.model.TbOrganisation:813,767
,org.springframework.security.acl.basic.SimpleAclEntry,org.bkwsu.bkregistration.model.TbOrganisation:814,768
,org.springframework.security.acl.basic.SimpleAclEntry,org.bkwsu.bkregistration.model.TbOrganisation:815,769
,org.springframework.security.acl.basic.SimpleAclEntry,org.bkwsu.bkregistration.model.TbOrganisation:816,770
,org.springframework.security.acl.basic.SimpleAclEntry,org.bkwsu.bkregistration.model.TbOrganisation:817,771
,org.springframework.security.acl.basic.SimpleAclEntry,org.bkwsu.bkregistration.model.TbOrganisation:818,772
,org.springframework.security.acl.basic.SimpleAclEntry,org.bkwsu.bkregistration.model.TbOrganisation:819,773
,org.springframework.security.acl.basic.SimpleAclEntry,org.bkwsu.bkregistration.model.TbOrganisation:820,774
,org.springframework.security.acl.basic.SimpleAclEntry,org.bkwsu.bkregistration.model.TbOrganisation:821,775
,org.springframework.security.acl.basic.SimpleAclEntry,org.bkwsu.bkregistration.model.TbOrganisation:822,776
,org.springframework.security.acl.basic.SimpleAclEntry,org.bkwsu.bkregistration.model.TbOrganisation:823,777
,org.springframework.security.acl.basic.SimpleAclEntry,org.bkwsu.bkregistration.model.TbOrganisation:824,778
,org.springframework.security.acl.basic.SimpleAclEntry,org.bkwsu.bkregistration.model.TbOrganisation:825,779
,org.springframework.security.acl.basic.SimpleAclEntry,org.bkwsu.bkregistration.model.TbOrganisation:826,780
,org.springframework.security.acl.basic.SimpleAclEntry,org.bkwsu.bkregistration.model.TbOrganisation:827,781
,org.springframework.security.acl.basic.SimpleAclEntry,org.bkwsu.bkregistration.model.TbOrganisation:828,782
,org.springframework.security.acl.basic.SimpleAclEntry,org.bkwsu.bkregistration.model.TbOrganisation:829,783
,org.springframework.security.acl.basic.SimpleAclEntry,org.bkwsu.bkregistration.model.TbOrganisation:830,784
,org.springframework.security.acl.basic.SimpleAclEntry,org.bkwsu.bkregistration.model.TbOrganisation:831,785
,org.springframework.security.acl.basic.SimpleAclEntry,org.bkwsu.bkregistration.model.TbOrganisation:832,786
,org.springframework.security.acl.basic.SimpleAclEntry,org.bkwsu.bkregistration.model.TbOrganisation:833,787
,org.springframework.security.acl.basic.SimpleAclEntry,org.bkwsu.bkregistration.model.TbOrganisation:834,788
,org.springframework.security.acl.basic.SimpleAclEntry,org.bkwsu.bkregistration.model.TbOrganisation:835,789
,org.springframework.security.acl.basic.SimpleAclEntry,org.bkwsu.bkregistration.model.TbOrganisation:836,790
,org.springframework.security.acl.basic.SimpleAclEntry,org.bkwsu.bkregistration.model.TbOrganisation:837,791
,org.springframework.security.acl.basic.SimpleAclEntry,org.bkwsu.bkregistration.model.TbOrganisation:838,792
