authority,username
ROLE_ORG_ADMIN,beja_admin
ROLE_ORG_ADMIN,blacktown_admin
ROLE_ORG_ADMIN,eugene
ROLE_ORG_ADMIN,nantes_admin
ROLE_ORG_ADMIN,san_juan_admin
ROLE_ORG_ADMIN,seixal_admin
ROLE_ORG_ADMIN,stapolonia_admin
ROLE_ORG_ADMIN,toulouse_admin
ROLE_ORG_ADMIN,covilha_admin
ROLE_ORG_ADMIN,gil_canada
ROLE_ORG_ADMIN,gil.fernandes
ROLE_ORG_ADMIN,piaseczno_admin
ROLE_ORG_ADMIN,polska_admin
ROLE_ORG_ADMIN,porto_admin
ROLE_ORG_ADMIN,sitioalem_admin
ROLE_ORG_ADMIN,outraslocalidades_admin
ROLE_ORG_ADMIN,ptle_admin
ROLE_ORG_ADMIN,tours_admin
ROLE_ORG_ADMIN,abidjan
ROLE_ORG_ADMIN,accra
ROLE_ORG_ADMIN,almeria_admin
ROLE_ORG_ADMIN,capetown
ROLE_ORG_ADMIN,durban
ROLE_ORG_ADMIN,harare
ROLE_ORG_ADMIN,johannesburg
ROLE_ORG_ADMIN,khoyratty
ROLE_ORG_ADMIN,kigali
ROLE_ORG_ADMIN,kinshasa
ROLE_ORG_ADMIN,lagos
ROLE_ORG_ADMIN,maputo
ROLE_ORG_ADMIN,quatre-bornes
ROLE_ORG_ADMIN,windhoek
ROLE_ORG_ADMIN,belarus_admin
ROLE_ORG_ADMIN,gil_brasil
ROLE_ORG_ADMIN,ukraine_admin
ROLE_ORG_ADMIN,kazakhstan_admin
ROLE_ORG_ADMIN,tamil_admin
ROLE_ORG_ADMIN,innertech
ROLE_ORG_ADMIN,tajikistan_admin
ROLE_ORG_ADMIN,hertfordshire_admin
ROLE_ORG_ADMIN,youth_admin
ROLE_ORG_ADMIN,georgia_admin
ROLE_ORG_ADMIN,radiomadhuban
ROLE_ORG_ADMIN,armenia_admin
ROLE_ORG_ADMIN,azerbaijan_admin
ROLE_ORG_ADMIN,jagruti_n_patel
ROLE_ORG_ADMIN,latvia_admin
ROLE_ORG_ADMIN,lithuania_admin
ROLE_ORG_ADMIN,mountain_house
ROLE_ORG_ADMIN,bilbao_admin
ROLE_ORG_ADMIN,estonia_admin
ROLE_ORG_ADMIN,lisa
ROLE_ORG_ADMIN,muut_admin
ROLE_ORG_ADMIN,helsinki_admin
ROLE_ORG_ADMIN,oulu_admin
ROLE_ORG_ADMIN,avignon_admin
ROLE_ORG_ADMIN,bordeaux_admin
ROLE_ORG_ADMIN,deuil_admin
ROLE_ORG_ADMIN,lille_admin
ROLE_ORG_ADMIN,santa_cruz_admin
ROLE_ORG_ADMIN,santafe_admin
ROLE_ORG_ADMIN,sao_leopoldo_admin
ROLE_ORG_ADMIN,sao_paulo_admin
ROLE_ORG_ADMIN,sasha
ROLE_ORG_ADMIN,schwerin_admin
ROLE_ORG_ADMIN,se_admin
ROLE_ORG_ADMIN,se_argentina
ROLE_ORG_ADMIN,aberdeen_admin
ROLE_ORG_ADMIN,adelaide_admin
ROLE_ADMIN,admin
ROLE_ORG_ADMIN,africa_train
ROLE_ORG_ADMIN,alicante_admin
ROLE_ORG_ADMIN,alphaville_admin
ROLE_ORG_ADMIN,americas_it_admin
ROLE_ORG_ADMIN,antananarivo_admin
ROLE_ORG_ADMIN,antigua_admin
ROLE_ORG_ADMIN,antiguo_country
ROLE_ORG_ADMIN,antioquia_admin
ROLE_ORG_ADMIN,antwerp_admin
ROLE_ORG_ADMIN,anubhuti_events
ROLE_ORG_ADMIN,aprc_admin
ROLE_ORG_ADMIN,aracaju_admin
ROLE_ORG_ADMIN,araguari_admin
ROLE_ORG_ADMIN,araraquara_admin
ROLE_ORG_ADMIN,ashfield_admin
ROLE_ORG_ADMIN,auckland_admin
ROLE_ORG_ADMIN,awakening_admin
ROLE_ORG_ADMIN,awakening_team
ROLE_ORG_ADMIN,baguio_admin
ROLE_ORG_ADMIN,darek
ROLE_ORG_ADMIN,abc_admin
ROLE_ORG_ADMIN,admin_napier
ROLE_ORG_ADMIN,africa_admin
ROLE_ORG_ADMIN,bahau_admin
ROLE_ORG_ADMIN,ballinasloe_admin
ROLE_ORG_ADMIN,bamako_admin
ROLE_ORG_ADMIN,bangkok_admin
ROLE_ORG_ADMIN,bangsar_admin
ROLE_ORG_ADMIN,banjul_admin
ROLE_ORG_ADMIN,banting_admin
ROLE_ORG_ADMIN,barcelona_admin
ROLE_ORG_ADMIN,bata_admin
ROLE_ORG_ADMIN,bayonne_admin
ROLE_ORG_ADMIN,Beata
ROLE_ORG_ADMIN,belem_admin
ROLE_ORG_ADMIN,belgrano_admin
ROLE_ORG_ADMIN,belo_horizonte_admin
ROLE_ORG_ADMIN,berlin_admin
ROLE_ORG_ADMIN,birmingham_admin
ROLE_ORG_ADMIN,bk_malaysia
ROLE_ORG_ADMIN,bkjf_admin
ROLE_ORG_ADMIN,blantyre_admin
ROLE_ORG_ADMIN,blue_mountain_admin
ROLE_ORG_ADMIN,bmc_admin
ROLE_ORG_ADMIN,bologna_admin
ROLE_ORG_ADMIN,bonaire_admin
ROLE_ORG_ADMIN,boston_admin
ROLE_ORG_ADMIN,bournemouth_admin
ROLE_ORG_ADMIN,bpr_admin
ROLE_ORG_ADMIN,bradford_admin
ROLE_ORG_ADMIN,brampton_admin
ROLE_ORG_ADMIN,brasil_admin1
ROLE_ORG_ADMIN,brasil_admin2
ROLE_ORG_ADMIN,brasil_mailing_admin
ROLE_ADMIN,brasil_super_admin
ROLE_ORG_ADMIN,brasilia_admin
ROLE_ORG_ADMIN,brazil_test_admin
ROLE_ORG_ADMIN,brazzaville_admin
ROLE_ORG_ADMIN,bremen_admin
ROLE_ORG_ADMIN,brighton_admin
ROLE_ORG_ADMIN,brisbane_admin
ROLE_ORG_ADMIN,bristol_admin
ROLE_ORG_ADMIN,brixton_admin
ROLE_FORM_ADMIN,allan
ROLE_FORM_ADMIN,vinai.shah
ROLE_ORG_ADMIN,bromleysouth_admin
ROLE_ORG_ADMIN,brussels_admin
ROLE_ORG_ADMIN,budapest_admin
ROLE_ORG_ADMIN,bujumbura_admin
ROLE_ORG_ADMIN,bulawayo_admin
ROLE_ORG_ADMIN,bulli_admin
ROLE_ORG_ADMIN,busan_admin
ROLE_ORG_ADMIN,butterworth_admin
ROLE_ORG_ADMIN,calgary_admin
ROLE_ORG_ADMIN,cali_vale_admin
ROLE_ORG_ADMIN,cambodia_admin
ROLE_ORG_ADMIN,campinas_admin
ROLE_ORG_ADMIN,canberra_admin
ROLE_ORG_ADMIN,canela_admin
ROLE_ORG_ADMIN,canterbury_admin
ROLE_ORG_ADMIN,cape_town_admin
ROLE_ORG_ADMIN,caracas_admin
ROLE_ORG_ADMIN,cardiff_admin
ROLE_ORG_ADMIN,carlow_admin
ROLE_ORG_ADMIN,cartagena_admin
ROLE_ORG_ADMIN,castellana_admin
ROLE_ORG_ADMIN,castlebar_admin
ROLE_ORG_ADMIN,cebu_admin
ROLE_ORG_ADMIN,cedritos_admin
ROLE_ORG_ADMIN,centrocivico_admin
ROLE_ORG_ADMIN,chaguanas_admin
ROLE_ORG_ADMIN,chapinero_admin
ROLE_ORG_ADMIN,chelmsford_admin
ROLE_ORG_ADMIN,chennai_admin
ROLE_ORG_ADMIN,cheras_admin
ROLE_ORG_ADMIN,chicago_admin
ROLE_ORG_ADMIN,chiquinquira_admin
ROLE_ORG_ADMIN,christchurch_admin
ROLE_ORG_ADMIN,cinnaminson_admin
ROLE_ORG_ADMIN,clapham_admin
ROLE_ORG_ADMIN,colchester_admin
ROLE_ORG_ADMIN,colombia_admin
ROLE_ORG_ADMIN,conakry_admin
ROLE_ORG_ADMIN,concepcion_admin
ROLE_ORG_ADMIN,copacabana_admin
ROLE_ORG_ADMIN,cordoba_admin
ROLE_ORG_ADMIN,costa_rica_admin
ROLE_ORG_ADMIN,cotonou_admin
ROLE_ORG_ADMIN,coventry_admin
ROLE_ORG_ADMIN,crawley_admin
ROLE_ORG_ADMIN,cuernavaca_admin
ROLE_ORG_ADMIN,curepipe_admin
ROLE_ORG_ADMIN,curepipe_centre_admin
ROLE_ORG_ADMIN,curitiba_admin
ROLE_ORG_ADMIN,dakar_admin
ROLE_ORG_ADMIN,danny
ROLE_ORG_ADMIN,darwin_admin
ROLE_ORG_ADMIN,davao_city
ROLE_ORG_ADMIN,debrecen_admin
ROLE_ORG_ADMIN,delray_admin
ROLE_ORG_ADMIN,demo_admin
ROLE_ORG_ADMIN,demo_user
ROLE_ORG_ADMIN,denpasar_admin
ROLE_ORG_ADMIN,des_admin
ROLE_ORG_ADMIN,diamond_retreat_house_admin
ROLE_ADMIN,divya
ROLE_ORG_ADMIN,dorte
ROLE_ORG_ADMIN,dresden_admin
ROLE_ORG_ADMIN,DRH_admin
ROLE_ORG_ADMIN,drummondvilla_admin
ROLE_ORG_ADMIN,drummondville_admin
ROLE_ORG_ADMIN,dublin_admin
ROLE_ORG_ADMIN,dummy
ROLE_ORG_ADMIN,dundee_admin
ROLE_ORG_ADMIN,dunedin_admin
ROLE_ORG_ADMIN,durban_admin
ROLE_ORG_ADMIN,eastbourne_admin
ROLE_ORG_ADMIN,ecuador_admin
ROLE_ORG_ADMIN,edgewater_admin
ROLE_ORG_ADMIN,edinburgh_admin
ROLE_ORG_ADMIN,edison_admin
ROLE_ORG_ADMIN,edmonton_admin
ROLE_ORG_ADMIN,el_salvador_admin
ROLE_ORG_ADMIN,emiliaromagna_admin
ROLE_ORG_ADMIN,enfield_admin
ROLE_ORG_ADMIN,environment_admin
ROLE_ORG_ADMIN,er_admin
ROLE_ORG_ADMIN,essen_admin
ROLE_ORG_ADMIN,essendon_admin
ROLE_ORG_ADMIN,exeter_admin
ROLE_ORG_ADMIN,faro_admin
ROLE_ORG_ADMIN,feira_de_santana_admin
ROLE_ORG_ADMIN,finchley_admin
ROLE_ORG_ADMIN,finland_admin
ROLE_ORG_ADMIN,fitzroy_admin
ROLE_ORG_ADMIN,flacq_admin
ROLE_ORG_ADMIN,florianopolis_admin
ROLE_ORG_ADMIN,florida_admin
ROLE_ORG_ADMIN,fortaleza_admin
ROLE_ORG_ADMIN,fpr_admin
ROLE_ORG_ADMIN,france_admin
ROLE_ORG_ADMIN,france_retreats
ROLE_ORG_ADMIN,franceChartres_admin
ROLE_ORG_ADMIN,franceChristian_admin
ROLE_ORG_ADMIN,franceChristine_admin
ROLE_ORG_ADMIN,franceCorinne_admin
ROLE_ORG_ADMIN,franceDidier_admin
ROLE_ORG_ADMIN,franceDominique_admin
ROLE_ORG_ADMIN,franceFrancois_admin
ROLE_ORG_ADMIN,franceIsabelle_admin
ROLE_ORG_ADMIN,franceJoachim_admin
ROLE_ORG_ADMIN,franceMarie-Francoise_admin
ROLE_ORG_ADMIN,franceMarie-Fran√ßoise_admin
ROLE_ORG_ADMIN,franceMelun_admin
ROLE_ORG_ADMIN,franceOlivier_admin
ROLE_ORG_ADMIN,franceRani_admin
ROLE_ORG_ADMIN,frankfurt_admin
ROLE_ORG_ADMIN,freetown_admin
ROLE_ORG_ADMIN,freiburg_admin
ROLE_ORG_ADMIN,fremantle_admin
ROLE_ORG_ADMIN,french_murli
ROLE_ORG_ADMIN,fresno_admin
ROLE_ORG_ADMIN,fsrc_admin
ROLE_ORG_ADMIN,gaberone_admin
ROLE_ORG_ADMIN,ganiteau_admin
ROLE_ORG_ADMIN,gch
ROLE_ORG_ADMIN,gch_admin
ROLE_ORG_ADMIN,gch_events
ROLE_ORG_ADMIN,gent_admin
ROLE_ORG_ADMIN,georgetown_admin
ROLE_ORG_ADMIN,georgetown _admin
ROLE_ORG_ADMIN,ghana_admin
ROLE_ORG_ADMIN,ghh_admin
ROLE_ORG_ADMIN,gianyar_admin
ROLE_ORG_ADMIN,gil_afr
ROLE_ORG_ADMIN,gil_argentina
ROLE_ORG_ADMIN,gil_au
ROLE_ORG_ADMIN,gil_caribean
ROLE_ORG_ADMIN,gil_france
ROLE_ORG_ADMIN,gil_grc
ROLE_ORG_ADMIN,gil_hungary
ROLE_ORG_ADMIN,gil_india
ROLE_ORG_ADMIN,gil_israel
ROLE_ORG_ADMIN,gil_italy
ROLE_ORG_ADMIN,gil_liniers
ROLE_ORG_ADMIN,gil_mauritius
ROLE_ORG_ADMIN,gil_pv
ROLE_ORG_ADMIN,gil_scandinavia
ROLE_ORG_ADMIN,gil_se
ROLE_ORG_ADMIN,gil_spain
ROLE_ORG_ADMIN,gil_switzerland
ROLE_ORG_ADMIN,gil_watertown
ROLE_ORG_ADMIN,gillingham_admin
ROLE_ORG_ADMIN,girona_admin
ROLE_ORG_ADMIN,glasgow_admin
ROLE_ORG_ADMIN,global_peace_house_admin
ROLE_ORG_ADMIN,gold_coast_admin
ROLE_ORG_ADMIN,gooseberryHill_admin
ROLE_ORG_ADMIN,GPH_admin
ROLE_ORG_ADMIN,granada_admin
ROLE_ORG_ADMIN,greece_admin
ROLE_ORG_ADMIN,greece_thoughts_admin
ROLE_ORG_ADMIN,grenada_admin
ROLE_ORG_ADMIN,grenoble_admin
ROLE_ORG_ADMIN,guarulhos_admin
ROLE_ORG_ADMIN,guatemala_admin
ROLE_ORG_ADMIN,gujarat_admin
ROLE_ORG_ADMIN,halifax_admin
ROLE_ORG_ADMIN,hamburg_admin
ROLE_ORG_ADMIN,hannover_admin
ROLE_ORG_ADMIN,harare_admin
ROLE_ORG_ADMIN,harrow_admin
ROLE_ORG_ADMIN,harsha.kanabar
ROLE_ORG_ADMIN,haverhill_admin
ROLE_ORG_ADMIN,hiroshima_admin
ROLE_ORG_ADMIN,hobart_admin
ROLE_ORG_ADMIN,hollywood_admin
ROLE_ORG_ADMIN,hospitalet_admin
ROLE_ORG_ADMIN,hounslow_admin
ROLE_ORG_ADMIN,hungary_admin
ROLE_ORG_ADMIN,huntingdale_admin
ROLE_ORG_ADMIN,iceland_admin
ROLE_ORG_ADMIN,IHC_admin
ROLE_ORG_ADMIN,ilford_admin
ROLE_ORG_ADMIN,india_admin
ROLE_ORG_ADMIN,indonesia_admin
ROLE_ORG_ADMIN,inner_healing_centre_admin
ROLE_ORG_ADMIN,inner_light_admin
ROLE_ORG_ADMIN,inner_space_meditation_centre_admin
ROLE_ORG_ADMIN,inverness_admin
ROLE_ORG_ADMIN,ipip_admin
ROLE_ORG_ADMIN,ipoh_admin
ROLE_ORG_ADMIN,ipoh_bendahara_admin
ROLE_ORG_ADMIN,ireland_admin
ROLE_ORG_ADMIN,iscam_admin
ROLE_ORG_ADMIN,ischelm_admin
ROLE_ORG_ADMIN,isleofman_admin
ROLE_ORG_ADMIN,ISMC_admin
ROLE_ORG_ADMIN,israel_admin
ROLE_ORG_ADMIN,isrc_admin
ROLE_ORG_ADMIN,isw_admin
ROLE_ORG_ADMIN,isw_events
ROLE_ORG_ADMIN,italy_admin
ROLE_ORG_ADMIN,ituzaingo_admin
ROLE_ORG_ADMIN,iyf_admin
ROLE_ORG_ADMIN,jacek
ROLE_ORG_ADMIN,jakarta_admin
ROLE_ORG_ADMIN,jakarta_nco_admin
ROLE_ORG_ADMIN,japan_admin
ROLE_ORG_ADMIN,jasu.ladva
ROLE_ORG_ADMIN,jaydev
ROLE_ORG_ADMIN,jersey_admin
ROLE_ORG_ADMIN,jf_admin
ROLE_ORG_ADMIN,joerdis_nl
ROLE_ORG_ADMIN,johannesburg_admin
ROLE_ORG_ADMIN,john
ROLE_ORG_ADMIN,johor_bahru_admin
ROLE_ORG_ADMIN,kalpna
ROLE_ORG_ADMIN,kampala_admin
ROLE_ORG_ADMIN,katowice_admin
ROLE_ORG_ADMIN,kendal_admin
ROLE_ORG_ADMIN,kennedy_admin
ROLE_ORG_ADMIN,kensington_admin
ROLE_ORG_ADMIN,kent_admin
ROLE_ORG_ADMIN,kenya_admin
ROLE_ORG_ADMIN,kiel_admin
ROLE_ORG_ADMIN,kim.lewis
ROLE_ORG_ADMIN,kingston_admin
ROLE_ORG_ADMIN,kiran
ROLE_ORG_ADMIN,klang_admin
ROLE_ORG_ADMIN,kobe_nco_admin
ROLE_ORG_ADMIN,koeln_admin
ROLE_ORG_ADMIN,komlo_admin
ROLE_ORG_ADMIN,korea_admin
ROLE_ORG_ADMIN,kortrijk_admin
ROLE_ORG_ADMIN,kota_kinabalu_admin
ROLE_ORG_ADMIN,kuantan_admin
ROLE_ORG_ADMIN,kuching_admin
ROLE_ORG_ADMIN,la_paz_admin
ROLE_ORG_ADMIN,lagos_admin
ROLE_ORG_ADMIN,laplata_admin
ROLE_ORG_ADMIN,lappeenranta_admin
ROLE_ORG_ADMIN,laranjeiras_admin
ROLE_ORG_ADMIN,las_palmas_admin
ROLE_ORG_ADMIN,leeds_admin
ROLE_ORG_ADMIN,legaspi_city
ROLE_ORG_ADMIN,leida_admin
ROLE_ORG_ADMIN,leipzig_admin
ROLE_ORG_ADMIN,leon_admin
ROLE_ORG_ADMIN,lh_johannesburg_admin
ROLE_ORG_ADMIN,lh_pe_admin
ROLE_ORG_ADMIN,lidia
ROLE_ORG_ADMIN,limeira_admin
ROLE_ORG_ADMIN,liniers_admin
ROLE_ORG_ADMIN,lisboa_admin
ROLE_ORG_ADMIN,livermore_admin
ROLE_ORG_ADMIN,lomas_admin
ROLE_ORG_ADMIN,los_angeles_admin
ROLE_ORG_ADMIN,loughborough_admin
ROLE_ORG_ADMIN,lpr_admin
ROLE_ORG_ADMIN,lrc_admin
ROLE_ORG_ADMIN,luebeck_admin
ROLE_ORG_ADMIN,lujan_admin
ROLE_ORG_ADMIN,lusaka_admin
ROLE_ORG_ADMIN,luton_admin
ROLE_ORG_ADMIN,lyon_admin
ROLE_FORM_ADMIN,lisboa_retiros
ROLE_FORM_ADMIN,grc_admin
ROLE_FORM_ADMIN,joerdis
ROLE_ORG_ADMIN,madhuban_retreats_admin
ROLE_ORG_ADMIN,madhuban_retreats_admin2
ROLE_ORG_ADMIN,madrid_admin
ROLE_ORG_ADMIN,mahe_admin
ROLE_ORG_ADMIN,maidstone_admin
ROLE_ORG_ADMIN,maithili
ROLE_ORG_ADMIN,maithili.shetty
ROLE_ORG_ADMIN,malaga_admin
ROLE_ORG_ADMIN,mallorca_admin
ROLE_ORG_ADMIN,manila_admin
ROLE_ORG_ADMIN,manila_nco_admin
ROLE_ORG_ADMIN,manilla_nco_admin
ROLE_ORG_ADMIN,manresa_admin
ROLE_ORG_ADMIN,maputo_admin
ROLE_ORG_ADMIN,mardelplata_admin
ROLE_ORG_ADMIN,margate_admin
ROLE_ORG_ADMIN,maseru_admin
ROLE_ORG_ADMIN,maureen
ROLE_ORG_ADMIN,mayooraj
ROLE_ORG_ADMIN,mcg_admin
ROLE_ORG_ADMIN,mcity_admin
ROLE_ORG_ADMIN,mcitydf_admin
ROLE_ORG_ADMIN,mckinnon_admin
ROLE_ORG_ADMIN,medellin_admin
ROLE_ORG_ADMIN,medical_wing
ROLE_ORG_ADMIN,merida_admin
ROLE_ORG_ADMIN,mexico_admin
ROLE_ORG_ADMIN,mexico_city_admin
ROLE_ORG_ADMIN,miami_admin
ROLE_ORG_ADMIN,michaela
ROLE_ORG_ADMIN,miguel_pereira_admin
ROLE_ORG_ADMIN,milano_admin
ROLE_ORG_ADMIN,milpitas_admin
ROLE_ORG_ADMIN,miltonkeynes_admin
ROLE_ORG_ADMIN,mona
ROLE_ORG_ADMIN,monrovia_admin
ROLE_ORG_ADMIN,montego_bay_admin
ROLE_ORG_ADMIN,monterrey_admin
ROLE_ORG_ADMIN,montes_claros_admin
ROLE_ORG_ADMIN,montevideo_admin
ROLE_ORG_ADMIN,montpellier_admin
ROLE_ORG_ADMIN,montreal_admin
ROLE_ORG_ADMIN,moscow_admin
ROLE_ORG_ADMIN,mra
ROLE_ORG_ADMIN,muenchen_admin
ROLE_ORG_ADMIN,naga_admin
ROLE_ADMIN,napier_admin
ROLE_ORG_ADMIN,newcastle_admin
ROLE_ORG_ADMIN,newcastle_aus_admin
ROLE_ORG_ADMIN,newington_admin
ROLE_ORG_ADMIN,newport_admin
ROLE_ORG_ADMIN,nh_admin
ROLE_ORG_ADMIN,nibong_tebal_admin
ROLE_ORG_ADMIN,nice_admin
ROLE_ORG_ADMIN,nickerie_admin
ROLE_ORG_ADMIN,niteroi_admin
ROLE_ORG_ADMIN,north_balwyn_admin
ROLE_ORG_ADMIN,northwales_admin
ROLE_ORG_ADMIN,nottingham_admin
ROLE_ORG_ADMIN,novo_hamburgo_admin
ROLE_ORG_ADMIN,nz_admin
ROLE_ORG_ADMIN,ocala_admin
ROLE_ORG_ADMIN,odivelas_admin
ROLE_ORG_ADMIN,olinda_admin
ROLE_ORG_ADMIN,oranjestad_admin
ROLE_ORG_ADMIN,oregon_admin
ROLE_ORG_ADMIN,org_admin
ROLE_ORG_ADMIN,orlando_admin
ROLE_ORG_ADMIN,orpington_admin
ROLE_ORG_ADMIN,oslo_admin
ROLE_ORG_ADMIN,ouagadougou_admin
ROLE_ORG_ADMIN,ouro_preto_admin
ROLE_ORG_ADMIN,padbury_admin
ROLE_ORG_ADMIN,palma_admin
ROLE_ORG_ADMIN,palmas_admin
ROLE_ORG_ADMIN,pampulha_admin
ROLE_ORG_ADMIN,panama_admin
ROLE_ORG_ADMIN,paraguay_admin
ROLE_ORG_ADMIN,paramaribo_admin
ROLE_ORG_ADMIN,pdll_admin
ROLE_ORG_ADMIN,PE_admin
ROLE_ORG_ADMIN,peace_village_admin
ROLE_ORG_ADMIN,pecs_admin
ROLE_ORG_ADMIN,penang_admin
ROLE_ADMIN,penrith_admin
ROLE_ORG_ADMIN,perth_admin
ROLE_ORG_ADMIN,peru_admin
ROLE_ORG_ADMIN,petaling_jaya_admin
ROLE_ADMIN,peter
ROLE_ORG_ADMIN,peter_org_admin
ROLE_ORG_ADMIN,peterborough_admin
ROLE_ORG_ADMIN,philippines_admin
ROLE_ORG_ADMIN,phnom_penh_admin
ROLE_ORG_ADMIN,piracicaba_admin
ROLE_ORG_ADMIN,pirituba_admin
ROLE_ORG_ADMIN,pituba_admin
ROLE_ORG_ADMIN,pocuro_admin
ROLE_ORG_ADMIN,port_dickson_admin
ROLE_ORG_ADMIN,port_of_spain_admin
ROLE_ORG_ADMIN,porto_alegre_admin
ROLE_ORG_ADMIN,portoseguro_admin
ROLE_ORG_ADMIN,praca_da_arvore_admin
ROLE_ORG_ADMIN,prison_admin
ROLE_ORG_ADMIN,puglia_admin
ROLE_ORG_ADMIN,pv_special
ROLE_ORG_ADMIN,qmc_admin
ROLE_ORG_ADMIN,quatre_bornes_admin
ROLE_ORG_ADMIN,quatre_bornes_centre_admin
ROLE_ORG_ADMIN,quebec_admin
ROLE_ORG_ADMIN,quezon_admin
ROLE_ORG_ADMIN,quillota
ROLE_ORG_ADMIN,quillota_admin
ROLE_ORG_ADMIN,quintanormal_admin
ROLE_ORG_ADMIN,reading_admin
ROLE_ORG_ADMIN,recoleta_admin
ROLE_ORG_ADMIN,regensburg_admin
ROLE_ORG_ADMIN,rekha_se
ROLE_ORG_ADMIN,ricardo
ROLE_ORG_ADMIN,ricardo_humberto
ROLE_ORG_ADMIN,risaralda_admin
ROLE_ORG_ADMIN,rochester_admin
ROLE_ORG_ADMIN,rodrigues
ROLE_ORG_ADMIN,rodrigues_admin
ROLE_ORG_ADMIN,roma_admin
ROLE_ORG_ADMIN,romania_admin
ROLE_ORG_ADMIN,romford_admin
ROLE_ORG_ADMIN,romina
ROLE_ORG_ADMIN,rose_belle_admin
ROLE_ORG_ADMIN,rostock_admin
ROLE_ADMIN,rotorua_admin
ROLE_FORM_ADMIN,portugal_admin
ROLE_FORM_ADMIN,rekha
ROLE_FORM_ADMIN,manchester_admin
ROLE_ORG_ADMIN,sa_admin
ROLE_ORG_ADMIN,sabadell_admin
ROLE_ORG_ADMIN,sacramento_admin
ROLE_ORG_ADMIN,salvador_admin
ROLE_ORG_ADMIN,sam_admin
ROLE_ORG_ADMIN,samora_admin
ROLE_ORG_ADMIN,san_fernando_admin
ROLE_ORG_ADMIN,san_francisco_admin
ROLE_ORG_ADMIN,sanath
ROLE_ORG_ADMIN,sangre_grande_admin
ROLE_ORG_ADMIN,sanjay_sao
ROLE_ORG_ADMIN,santo_domingo_admin
ROLE_ORG_ADMIN,sardinia_admin
ROLE_ORG_ADMIN,scf_admin
ROLE_ORG_ADMIN,seal_beach_admin
ROLE_ORG_ADMIN,sentul_admin
ROLE_ORG_ADMIN,seoul_admin
ROLE_ORG_ADMIN,seremban_admin
ROLE_ORG_ADMIN,serra_cipo_admin
ROLE_ORG_ADMIN,serra_negra_admin
ROLE_ORG_ADMIN,sevilla_admin
ROLE_ORG_ADMIN,shanti_sarovar_admin
ROLE_ADMIN,shashin
ROLE_ORG_ADMIN,sheffield_admin
ROLE_ORG_ADMIN,sicilia_admin
ROLE_ORG_ADMIN,siem_reap_admin
ROLE_ORG_ADMIN,singapore_admin
ROLE_ORG_ADMIN,singapore_clementi_admin
ROLE_ORG_ADMIN,singapore_nco_admin
ROLE_ORG_ADMIN,singapore_yoga_admin
ROLE_ORG_ADMIN,singapore_yoga_centre_admin
ROLE_ORG_ADMIN,singaraja_admin
ROLE_ORG_ADMIN,slough_admin
ROLE_ORG_ADMIN,southall
ROLE_ORG_ADMIN,southall_admin
ROLE_ORG_ADMIN,southhall_admin
ROLE_ORG_ADMIN,soweto_admin
ROLE_ORG_ADMIN,spain_admin
ROLE_ORG_ADMIN,spain_other_admin
ROLE_ORG_ADMIN,special_event_admin
ROLE_ORG_ADMIN,sspaul_admin
ROLE_ORG_ADMIN,st_augustine_admin
ROLE_ORG_ADMIN,st_kitts_admin
ROLE_ORG_ADMIN,st_lucia_admin
ROLE_ORG_ADMIN,st_maarten_admin
ROLE_ORG_ADMIN,st_michael_admin
ROLE_ORG_ADMIN,stalbans_admin
ROLE_ORG_ADMIN,stanmore_admin
ROLE_ORG_ADMIN,stockholm_admin
ROLE_ORG_ADMIN,stuttgart_admin
ROLE_ORG_ADMIN,subog_admin
ROLE_ADMIN,sudarshan
ROLE_ORG_ADMIN,sunshinewest_admin
ROLE_ORG_ADMIN,surabaya_admin
ROLE_ORG_ADMIN,suriname_admin
ROLE_ORG_ADMIN,suttoncoldfield_admin
ROLE_ORG_ADMIN,swansea_admin
ROLE_ORG_ADMIN,swiss_admin
ROLE_ORG_ADMIN,sydneyeast_admin
ROLE_ORG_ADMIN,sydneynorth_admin
ROLE_ORG_ADMIN,sydneysouth_admin
ROLE_ORG_ADMIN,sydneywest_admin
ROLE_ORG_ADMIN,tagatay_admin
ROLE_ORG_ADMIN,tampa_admin
ROLE_ORG_ADMIN,tampere_admin
ROLE_ORG_ADMIN,tandil_admin
ROLE_ORG_ADMIN,taunton_admin
ROLE_ORG_ADMIN,teofilo_otoni_admin
ROLE_ORG_ADMIN,terrassa_admin
ROLE_ORG_ADMIN,test
ROLE_ORG_ADMIN,test2
ROLE_ORG_ADMIN,test3
ROLE_ORG_ADMIN,thailand_admin
ROLE_ORG_ADMIN,thailand_main_admin
ROLE_ORG_ADMIN,tijuca_admin
ROLE_ORG_ADMIN,tobago_admin
ROLE_ORG_ADMIN,tokyo_admin
ROLE_ORG_ADMIN,tokyo_bt_admin
ROLE_ORG_ADMIN,tokyo_ph_admin
ROLE_ORG_ADMIN,tomek
ROLE_ADMIN,toongabbie_admin
ROLE_ORG_ADMIN,toronto_admin
ROLE_ORG_ADMIN,torrent_admin
ROLE_ORG_ADMIN,toscana_admin
ROLE_ORG_ADMIN,Trinidad_admin
ROLE_ORG_ADMIN,trobogy_admin
ROLE_ORG_ADMIN,tunbridge_admin
ROLE_ORG_ADMIN,tunbridge_wells_admin
ROLE_ORG_ADMIN,tunja_admin
ROLE_ORG_ADMIN,tuxtla_admin
ROLE_ORG_ADMIN,uberlandia_admin
ROLE_ORG_ADMIN,ubud_admin
ROLE_ORG_ADMIN,ulaanbaatar_admin
ROLE_ORG_ADMIN,umbria_admin
ROLE_ORG_ADMIN,uptonp_admin
ROLE_ORG_ADMIN,uwe
ROLE_ORG_ADMIN,valencia_admin
ROLE_ORG_ADMIN,valle_cali_admin
ROLE_ORG_ADMIN,vancouver_admin
ROLE_ADMIN,vasanti
ROLE_ORG_ADMIN,vasanti_ireland
ROLE_ORG_ADMIN,veeke
ROLE_ORG_ADMIN,veneto_admin
ROLE_ORG_ADMIN,vienna_admin
ROLE_ORG_ADMIN,vila_do_atlantico_admin
ROLE_ORG_ADMIN,vila_mariana_admin
ROLE_ORG_ADMIN,villaelisa_admin
ROLE_ORG_ADMIN,vinadelmar_admin
ROLE_ADMIN,vinu_super_admin
ROLE_ORG_ADMIN,wakefield_admin
ROLE_ORG_ADMIN,warsaw_admin
ROLE_ORG_ADMIN,washington_dc_admin
ROLE_ORG_ADMIN,watford_admin
ROLE_ORG_ADMIN,wellingborough_admin
ROLE_ORG_ADMIN,wellington_is
ROLE_ORG_ADMIN,wellington_nco_admin
ROLE_ORG_ADMIN,westbromwich_admin
ROLE_ORG_ADMIN,wien_admin
ROLE_ORG_ADMIN,wiesbaden_admin
ROLE_ORG_ADMIN,willemstad_admin
ROLE_ORG_ADMIN,wim
ROLE_ORG_ADMIN,winchester_admin
ROLE_ORG_ADMIN,windhoek_admin
ROLE_ORG_ADMIN,wollongong_admin
ROLE_ORG_ADMIN,wolverhampton_admin
ROLE_ORG_ADMIN,wpr_admin
ROLE_ORG_ADMIN,wrc_admin
ROLE_ORG_ADMIN,yambi
ROLE_ORG_ADMIN,yokohama_admin
ROLE_ORG_ADMIN,york_admin
ROLE_ORG_ADMIN,zaragoza_admin
ROLE_ORG_ADMIN,zimbabwe_admin
ROLE_FORM_ADMIN,worthing_admin
ROLE_ORG_ADMIN,spain_thoughts_admin
ROLE_ORG_ADMIN,habana_admin
ROLE_ORG_ADMIN,tegucigalpa_admin
ROLE_ORG_ADMIN,san_pedro_sula_admin
ROLE_ORG_ADMIN,honduras_admin
ROLE_ORG_ADMIN,cartago_admin
ROLE_ORG_ADMIN,stpetersburg_admin
ROLE_ORG_ADMIN,saratov_admin
ROLE_ORG_ADMIN,russian_thoughts_admin
ROLE_ORG_ADMIN,vilnius_admin
ROLE_ORG_ADMIN,odessa_admin
ROLE_ORG_ADMIN,mayo_admin
ROLE_ORG_ADMIN,gil_ireland
ROLE_ADMIN,bath_admin
ROLE_ORG_ADMIN,moringen_admin
ROLE_ORG_ADMIN,madhuban_retreats2_admin
ROLE_ORG_ADMIN,apr_admin
ROLE_ORG_ADMIN,france_public_retreats
ROLE_ORG_ADMIN,france_bk_retreats
ROLE_ORG_ADMIN,lajeado_admin
ROLE_ORG_ADMIN,brahia_blanca_admin
ROLE_ORG_ADMIN,corrientes_admin
ROLE_ORG_ADMIN,langley_admin
ROLE_ORG_ADMIN,ivory_admin
ROLE_ORG_ADMIN,gabi_reimann
ROLE_ORG_ADMIN,FranceRakhi
ROLE_ORG_ADMIN,rs_outras_admin
ROLE_ORG_ADMIN,vasanti_india
ROLE_ORG_ADMIN,vasanti_uk
ROLE_ORG_ADMIN,josebavaria_admin
ROLE_ORG_ADMIN,bucamaranga_admin
ROLE_ORG_ADMIN,fusagasuga_admin
ROLE_ORG_ADMIN,barranquilla_admin
ROLE_ORG_ADMIN,orc_transport
ROLE_ORG_ADMIN,spanish_admin
ROLE_ORG_ADMIN,santiago_admin
ROLE_FORM_ADMIN,gil
ROLE_ORG_ADMIN,carolin
ROLE_ORG_ADMIN,santacruz_admin
ROLE_FORM_ADMIN,liz
ROLE_ORG_ADMIN,parma_admin
ROLE_ORG_ADMIN,bkbrasil40_admin
ROLE_ORG_ADMIN,isabel_barcelona
ROLE_ORG_ADMIN,marta_barcelona
ROLE_ORG_ADMIN,dipti
ROLE_FORM_ADMIN,brasil_admin
ROLE_FORM_ADMIN,mauritius_admin
ROLE_ORG_ADMIN,sao_pedro_admin
ROLE_FORM_ADMIN,leicester_admin
ROLE_FORM_ADMIN,nawin
ROLE_ORG_ADMIN,jim
ROLE_ORG_ADMIN,aramon_admin
ROLE_ORG_ADMIN,torres_novas_admin
ROLE_FORM_ADMIN,vinu
ROLE_ORG_ADMIN,birminghamIS_admin
ROLE_ORG_ADMIN,birmighamIS_admin
ROLE_ORG_ADMIN,birmigham_is_admin
ROLE_ORG_ADMIN,birmingham_is_admin
ROLE_ORG_ADMIN,india_it_programs
ROLE_ORG_ADMIN,bkguddi
ROLE_ORG_ADMIN,queretaro_admin
ROLE_ORG_ADMIN,tijuana_admin
ROLE_ORG_ADMIN,special_events_2020
ROLE_ORG_ADMIN,gch_portuguese
ROLE_ORG_ADMIN,gch_spanish
ROLE_ORG_ADMIN,raj_sookha
ROLE_ORG_ADMIN,uk50
ROLE_FORM_ADMIN,iso_admin
ROLE_ORG_ADMIN,gch_courses
ROLE_ORG_ADMIN,chandan
ROLE_ORG_ADMIN,oxford_outreach
ROLE_ORG_ADMIN,bosnia_admin
ROLE_FORM_ADMIN,emiliano
ROLE_ORG_ADMIN,argentina_admin
ROLE_ORG_ADMIN,sp_outras_cidades_admin
